"region","year","stratum","portion","area","description","auditjoin"
"GOA",1990,241,NA,1275.9243,"Yakutat Slope                 ",111
"GOA",1990,341,NA,1224.4757,"Yakutat Slope                 ",112
"GOA",1990,440,NA,1347.9523,"Yakutat Slope                 ",113
"GOA",1990,540,NA,2236.2974,"Yakutat Slope                 ",114
"GOA",1990,50,NA,3766.0346,"Southeastern Shallows         ",115
"GOA",1990,150,NA,4102.1652,"Baranof-Chichagof Shelf       ",116
"GOA",1990,151,NA,5769.0985,"Prince of Wales Shelf         ",117
"GOA",1990,250,NA,1035.831,"Baranof-Chichagof Slope       ",118
"GOA",1990,251,NA,3999.2681,"Prince of Wales Slope/Gullies ",119
"GOA",1990,350,NA,2075.0919,"Southeastern Deep Gullies     ",120
"GOA",1993,151,NA,5769.0985,"Prince of Wales Shelf         ",121
"GOA",1990,340,NA,1738.9613,"Yakutat Gullies               ",122
"WC",1984,1,NA,1653.2208,"Slope Trawl ColCentral 100-199 fm",123
"WC",1984,2,NA,2092.6626,"Slope Trawl ColCentral 200-299 fm",124
"WC",1984,3,NA,939.0732,"Slope Trawl ColCentral 300-399 fm",125
"WC",1984,4,NA,763.7116,"Slope Trawl ColCentral 400-499 fm",126
"WC",1988,1,NA,1653.2208,"Slope Trawl ColCentral 100-199 fm",127
"WC",1988,2,NA,2092.6626,"Slope Trawl ColCentral 200-299 fm",128
"WC",1988,3,NA,939.0732,"Slope Trawl ColCentral 300-399 fm",129
"WC",1988,4,NA,763.7116,"Slope Trawl ColCentral 400-499 fm",130
"WC",1988,5,NA,609.1756,"Slope Trawl ColCentral 500-599 fm",131
"WC",1988,6,NA,740.4084,"Slope Trawl ColCentral 600-700 fm",132
"WC",1990,1,NA,1076.1995,"Slope Trawl Eureka 100-199 fm",133
"WC",1990,2,NA,1103.5088,"Slope Trawl Eureka 200-299 fm",134
"WC",1990,3,NA,1670.8858,"Slope Trawl Eureka 300-399 fm",135
"WC",1990,4,NA,1719.0774,"Slope Trawl Eureka 400-499 fm",136
"WC",1990,5,NA,1951.0311,"Slope Trawl Eureka 500-599 fm",137
"WC",1990,6,NA,1398.8641,"Slope Trawl Eureka 600-700 fm",138
"WC",1991,1,NA,855.1122,"Slope Trawl Monterey 100-199 fm",139
"WC",1991,2,NA,806.0081,"Slope Trawl Monterey 200-299 fm",140
"WC",1991,3,NA,994.3427,"Slope Trawl Monterey 300-399 fm",141
"WC",1991,4,NA,1094.6778,"Slope Trawl Monterey 400-499 fm",142
"WC",1991,5,NA,1228.3327,"Slope Trawl Monterey 500-599 fm",143
"WC",1991,6,NA,1313.3613,"Slope Trawl Monterey 600-700 fm",144
"WC",1993,1,"N",1653.2208,"Slope Trawl CCol 100-199 fm",145
"WC",1993,2,"N",2092.6626,"Slope Trawl CCol 200-299 fm",146
"WC",1993,3,"N",939.0732,"Slope Trawl CCol 300-399 fm",147
"WC",1993,4,"N",763.7116,"Slope Trawl CCol 400-499 fm",148
"WC",1993,5,"N",609.1756,"Slope Trawl CCol 500-599 fm",149
"WC",1993,6,"N",740.4084,"Slope Trawl CCol 600-700 fm",150
"WC",1993,1,"S",1055.0357,"Slope Trawl SCol 100-199 fm",151
"WC",1993,2,"S",746.8301,"Slope Trawl SCol 200-299 fm",152
"WC",1993,3,"S",626.5065,"Slope Trawl SCol 300-399 fm",153
"WC",1993,4,"S",432.9214,"Slope Trawl SCol 400-499 fm",154
"WC",1993,5,"S",535.2545,"Slope Trawl SCol 500-599 fm",155
"WC",1993,6,"S",566.9235,"Slope Trawl SCol 600-700 fm",156
"WC",1994,1,NA,5207.0269,"Longline Col+USVan 100-199 fm",157
"WC",1994,2,NA,4154.2109,"Longline Col+USVan 200-299 fm",158
"WC",1994,3,NA,3127.9023,"Longline Col+USVan 300-399 fm",159
"WC",1994,4,NA,2966.5011,"Longline Col+USVan 400-499 fm",160
"WC",1994,5,NA,3051.6746,"Longline Col+USVan 500-599 fm",161
"WC",1994,6,NA,2922.0036,"Longline Col+USVan 600-700 fm",162
"GOA",1993,130,NA,7837.3306,"Albatross Gullies             ",163
"GOA",1993,131,NA,7319.4151,"Portlock Flats                ",164
"GOA",1993,133,NA,12001.2341,"Kenai Flats                   ",165
"GOA",1993,134,NA,5076.2579,"Kodiak Outer Shelf            ",166
"GOA",1993,141,NA,5371.2297,"Yakataga Shelf                ",167
"GOA",1993,142,NA,8372.3957,"Yakutat Flats                 ",168
"GOA",1993,150,NA,4102.1652,"Baranof-Chichagof Shelf       ",169
"GOA",1993,210,NA,2737.0634,"Shumagin Slope                ",170
"GOA",1993,221,NA,1533.1671,"Chirikof Slope                ",171
"GOA",1993,230,NA,6729.4716,"Kenai Gullies                 ",172
"GOA",1993,232,NA,3189.8107,"Upper Shelikof Gully          ",173
"GOA",1993,240,NA,3597.9693,"Yakutat Gullies               ",174
"GOA",1993,241,NA,1275.9243,"Yakutat Slope                 ",175
"GOA",1993,320,NA,1632.6343,"Chirikof Slope                ",176
"GOA",1990,320,NA,1632.6343,"Chirikof Slope                ",177
"GOA",1993,330,NA,2960.0072,"Kodiak Slope                  ",178
"GOA",1993,341,NA,1224.4757,"Yakutat Slope                 ",179
"GOA",1990,351,NA,809.4573,"Southeastern Slope            ",180
"GOA",1993,351,NA,809.4573,"Southeastern Slope            ",181
"GOA",1993,410,NA,2009.9237,"Shumagin Slope                ",182
"GOA",1990,410,NA,2009.9237,"Shumagin Slope                ",183
"GOA",1990,420,NA,1896.7369,"Chirikof Slope                ",184
"GOA",1993,430,NA,1550.3166,"Kodiak Slope                  ",185
"WC",1989,1,NA,1653.2208,"Slope Trawl ColCentral 100-199 fm",186
"WC",1989,2,NA,2092.6626,"Slope Trawl ColCentral 200-299 fm",187
"WC",1989,3,NA,939.0732,"Slope Trawl ColCentral 300-399 fm",188
"WC",1989,4,NA,763.7116,"Slope Trawl ColCentral 400-499 fm",189
"WC",1989,5,NA,609.1756,"Slope Trawl ColCentral 500-599 fm",190
"WC",1989,6,NA,740.4084,"Slope Trawl ColCentral 600-700 fm",191
"WC",1992,1,"N",1181.1645,"Slope Trawl USVncvr 100-199 fm",192
"WC",1992,2,"N",902.669,"Slope Trawl USVncvr 200-299 fm",193
"WC",1992,3,"N",1044.7712,"Slope Trawl USVncvr 300-399 fm",194
"WC",1992,4,"N",1158.2442,"Slope Trawl USVncvr 400-499 fm",195
"WC",1992,5,"N",1238.7906,"Slope Trawl USVncvr 500-599 fm",196
"WC",1992,6,"N",1085.8318,"Slope Trawl USVncvr 600-700 fm",197
"WC",1992,1,"S",1317.6059,"Slope Trawl NCol 100-199 fm",198
"WC",1992,2,"S",902.669,"Slope Trawl NCol 200-299 fm",199
"WC",1992,3,"S",1044.7712,"Slope Trawl NCol 300-399 fm",200
"WC",1992,4,"S",1158.2442,"Slope Trawl NCol 400-499 fm",201
"WC",1992,5,"S",1238.7906,"Slope Trawl NCol 500-599 fm",202
"WC",1992,6,"S",1085.8318,"Slope Trawl NCol 600-700 fm",203
"GOA",1993,30,NA,6118.9487,"Albatross Shallows            ",204
"GOA",1993,31,NA,15338.5307,"Albatross Banks               ",205
"GOA",1993,32,NA,10471.4969,"Lower Cook Inlet              ",206
"GOA",1993,35,NA,2400.9328,"Northern Kodiak Shallows      ",207
"GOA",1993,40,NA,8362.106,"Yakutat Shallows              ",208
"GOA",1993,50,NA,3766.0346,"Southeastern Shallows         ",209
"GOA",1993,110,NA,4232.5015,"Sanak Gully                   ",210
"GOA",1993,112,NA,2267.1665,"West Shumagin Gully           ",211
"GOA",1993,120,NA,11082.0198,"East Shumagin Gully           ",212
"GOA",1993,122,NA,4993.9402,"Chirikof Outer Shelf          ",213
"WC",1992,27,NA,536.6591,"Triennial 46o30'-47o50'/183-366m INPFC Columbia/US Vancouver",214
"WC",1992,28,"S",786.9642,"Triennial 47o50'-48o20'/183-366m INPFC US Vancouver",215
"WC",1992,29,"S",269.5192,"Triennial 48o20'-49o40'/183-366m INPFC US Vancouver",216
"WC",1992,28,"N",87.6,"Triennial 47o50'-48o20'/183-366m INPFC Canadian Vancouver",217
"WC",1992,28,NA,874.5642,"Triennial 47o50'-48o20'/183-366m INPFC Vancouver",218
"WC",1995,22,NA,493.8682,"Triennial 36o50'-38o00'/183-366m INPFC Monterey",219
"WC",1995,23,NA,1112.2245,"Triennial 38o00'-40o30'/183-366m INPFC Monterey",220
"WC",1995,24,NA,1076.1996,"Triennial 40o30'-43o00'/183-366m INPFC Eureka",221
"WC",1995,25,NA,1508.1174,"Triennial 43o00'-44o40'/183-366m INPFC Columbia",222
"WC",1995,26,NA,2118.4674,"Triennial 44o40'-46o30'/183-366m INPFC Columbia",223
"WC",1995,27,"S",411.978,"Triennial 46o30'-47o30'/183-366m INPFC Columbia",224
"WC",1995,27,"N",124.6811,"Triennial 47o30'-47o50'/183-366m INPFC US Vancouver",225
"WC",1995,27,NA,536.6591,"Triennial 46o30'-47o50'/183-366m INPFC Columbia/US Vancouver",226
"WC",1995,28,"S",786.9642,"Triennial 47o50'-48o20'/183-366m INPFC US Vancouver",227
"WC",1995,28,"N",87.6,"Triennial 47o50'-48o20'/183-366m INPFC Canadian Vancouver",228
"WC",1995,28,NA,874.5642,"Triennial 47o50'-48o20'/183-366m INPFC Vancouver",229
"WC",1995,29,"S",269.5192,"Triennial 48o20'-49o40'/183-366m INPFC US Vancouver",230
"WC",1995,29,"N",941.69,"Triennial 48o20'-49o40'/183-366m INPFC Canadian Vancouver",231
"WC",1995,29,NA,1211.2092,"Triennial 48o20'-49o40'/183-366m INPFC Vancouver",232
"WC",1995,30,NA,943.603,"Triennial 34o30'-35o40'/367-500m INPFC Conception",233
"WC",1995,31,"S",113.184,"Triennial 35o40'-36o00'/367-500m INPFC Conception",234
"WC",1995,31,"N",189.221,"Triennial 36o00'-36o50'/367-500m INPFC Monterey",235
"WC",1995,20,NA,1089.7401,"Triennial 34o30'-35o40'/183-366m INPFC Conception",236
"WC",1995,21,"S",104.909,"Triennial 35o40'-36o00'/183-366m INPFC Conception",237
"WC",1995,21,"N",189.1181,"Triennial 36o00'-36o50'/183-366m INPFC Monterey",238
"WC",1995,21,NA,294.0272,"Triennial 35o40'-36o50'/183-366m INPFC Conception/Monterey",239
"WC",1992,17,NA,4410.5252,"Triennial 46o30'-47o50'/55-183m INPFC Columbia/US Vancouver",240
"WC",1992,18,"S",2122.756,"Triennial 47o50'-48o20'/55-183m INPFC US Vancouver",241
"WC",1992,18,"N",159.4,"Triennial 47o50'-48o20'/55-183m INPFC Canadian Vancouver",242
"WC",1992,18,NA,2282.156,"Triennial 47o50'-48o20'/55-183m INPFC Vancouver",243
"WC",1992,19,"S",362.631,"Triennial 48o20'-49o40'/55-183m INPFC US Vancouver",244
"WC",1992,19,"N",8224.39,"Triennial 48o20'-49o40'/55-183m INPFC Canadian Vancouver",245
"WC",1992,19,NA,8587.021,"Triennial 48o20'-49o40'/55-183m INPFC Vancouver",246
"WC",1992,20,NA,1089.7401,"Triennial 34o30'-35o40'/183-366m INPFC Conception",247
"WC",1992,21,"S",104.909,"Triennial 35o40'-36o00'/183-366m INPFC Conception",248
"WC",1992,21,"N",189.1181,"Triennial 36o00'-36o50'/183-366m INPFC Monterey",249
"WC",1992,21,NA,294.0272,"Triennial 35o40'-36o50'/183-366m INPFC Conception/Monterey",250
"WC",1992,22,NA,493.8682,"Triennial 36o50'-38o00'/183-366m INPFC Monterey",251
"WC",1992,23,NA,1112.2245,"Triennial 38o00'-40o30'/183-366m INPFC Monterey",252
"WC",1992,24,NA,1076.1996,"Triennial 40o30'-43o00'/183-366m INPFC Eureka",253
"WC",1992,25,NA,1508.1174,"Triennial 43o00'-44o40'/183-366m INPFC Columbia",254
"WC",1992,26,NA,2118.4674,"Triennial 44o40'-46o30'/183-366m INPFC Columbia",255
"WC",1992,27,"S",411.978,"Triennial 46o30'-47o30'/183-366m INPFC Columbia",256
"WC",1992,27,"N",124.6811,"Triennial 47o30'-47o50'/183-366m INPFC US Vancouver",257
"WC",1989,21,NA,294.0272,"Triennial 35o40'-36o50'/183-366m INPFC Conception/Monterey",258
"WC",1989,22,NA,493.8682,"Triennial 36o50'-38o00'/183-366m INPFC Monterey",259
"WC",1992,29,"N",941.69,"Triennial 48o20'-49o40'/183-366m INPFC Canadian Vancouver",260
"WC",1992,29,NA,1211.2092,"Triennial 48o20'-49o40'/183-366m INPFC Vancouver",261
"WC",1995,10,NA,1343.3772,"Triennial 34o30'-35o40'/55-183m INPFC Conception",262
"WC",1995,11,"S",167.1321,"Triennial 35o40'-36o00'/55-183m INPFC Conception",263
"WC",1995,11,"N",551.6291,"Triennial 36o00'-36o50'/55-183m INPFC Monterey",264
"WC",1995,11,NA,718.7612,"Triennial 35o40'-36o50'/55-183m INPFC Conception/Monterey",265
"WC",1995,12,NA,3734.9531,"Triennial 36o50'-38o00'/55-183m INPFC Monterey",266
"WC",1995,13,NA,4724.3509,"Triennial 38o00'-40o30'/55-183m INPFC Monterey",267
"WC",1995,14,NA,4090.6449,"Triennial 40o30'-43o00'/55-183m INPFC Eureka",268
"WC",1995,15,NA,6249.9692,"Triennial 43o00'-44o40'/55-183m INPFC Columbia",269
"WC",1995,16,NA,6014.3097,"Triennial 44o40'-46o30'/55-183m INPFC Columbia",270
"WC",1995,17,"S",3377.9641,"Triennial 46o30'-47o30'/55-183m INPFC Columbia",271
"WC",1995,17,"N",1032.5612,"Triennial 47o30'-47o50'/55-183m INPFC US Vancouver",272
"WC",1995,17,NA,4410.5252,"Triennial 46o30'-47o50'/55-183m INPFC Columbia/US Vancouver",273
"WC",1995,18,"S",2122.756,"Triennial 47o50'-48o20'/55-183m INPFC US Vancouver",274
"WC",1995,18,"N",159.4,"Triennial 47o50'-48o20'/55-183m INPFC Canadian Vancouver",275
"WC",1995,18,NA,2282.156,"Triennial 47o50'-48o20'/55-183m INPFC Vancouver",276
"WC",1995,19,"S",362.631,"Triennial 48o20'-49o40'/55-183m INPFC US Vancouver",277
"WC",1995,19,"N",8224.39,"Triennial 48o20'-49o40'/55-183m INPFC Canadian Vancouver",278
"WC",1995,19,NA,8587.021,"Triennial 48o20'-49o40'/55-183m INPFC Vancouver",279
"GOA",1990,430,NA,1550.3166,"Kodiak Slope                  ",280
"GOA",1993,440,NA,1347.9523,"Yakutat Slope                 ",281
"GOA",1990,450,NA,1004.9619,"Southeastern Slope            ",282
"GOA",1990,510,NA,1872.7276,"Shumagin Slope                ",283
"GOA",1993,520,NA,3018.3155,"Chirikof Slope                ",284
"GOA",1990,520,NA,3018.3155,"Chirikof Slope                ",285
"GOA",1993,530,NA,3443.6236,"Kodiak Slope                  ",286
"GOA",1990,530,NA,3443.6236,"Kodiak Slope                  ",287
"GOA",1990,550,NA,1756.1108,"Southeastern Slope            ",288
"WC",1983,12,NA,6572.1142,"Triennial US-Can Border-49o15'/55-183m INPFC CanVancouver",289
"WC",1983,21,NA,456.575,"Triennial 36o48'-40o30'/184-219m INPFC Monterey",290
"WC",1983,22,NA,165.2135,"Triennial 40o30'-42o00'/184-219m INPFC Eureka",291
"WC",1983,23,NA,98.984,"Triennial 42o00'-42o50'/184-219m INPFC Eureka",292
"WC",1983,24,NA,43.2841,"Triennial 42o50'-43o00'/184-219m INPFC Eureka",293
"WC",1983,25,NA,314.0325,"Triennial 43o00'-44o18'/184-219m INPFC Columbia",294
"WC",1983,26,NA,155.027,"Triennial 44o18'-45o00'/184-219m INPFC Columbia",295
"WC",1983,27,NA,503.2546,"Triennial 45o00'-46o10'/184-219m INPFC Columbia",296
"WC",1983,31,NA,376.6263,"Triennial 47o55'-USCan Border/184-219m INPFC US Vancouver",297
"WC",1983,32,NA,324.6306,"Triennial US-Can Border-49o15'/184-219m INPFC CanVancouver",298
"WC",1983,41,NA,1169.013,"Triennial 36o48'-40o30'/220-366m INPFC Monterey",299
"WC",1983,42,NA,399.7089,"Triennial 40o30'-42o00'/220-366m INPFC Eureka",300
"WC",1983,43,NA,283.1643,"Triennial 42o00'-42o50'/220-366m INPFC Eureka",301
"WC",1983,44,NA,85.8479,"Triennial 42o50'-43o00'/220-366m INPFC Eureka",302
"WC",1983,45,NA,809.1927,"Triennial 43o00'-44o18'/220-366m INPFC Columbia",303
"WC",1983,46,NA,817.9387,"Triennial 44o18'-45o00'/220-366m INPFC Columbia",304
"WC",1980,64,NA,129.132,"Triennial 42o50'-43o00'/184-366m INPFC Eureka",305
"WC",1980,65,NA,1123.2252,"Triennial 43o00'-44o18'/184-366m INPFC Columbia",306
"WC",1980,66,NA,972.9657,"Triennial 44o18'-45o00'/184-366m INPFC Columbia",307
"WC",1980,67,NA,1432.4903,"Triennial 45o00'-46o10'/184-366m INPFC Columbia",308
"WC",1980,68,NA,491.6618,"Triennial 46o10'-47o20'/184-366m INPFC Columbia",309
"WC",1980,69,NA,31.6914,"Triennial 47o20'-47o30'/184-366m INPFC Columbia",310
"WC",1980,70,NA,1200.9788,"Triennial 47o30'-US-Can Border/184-366m INPFC US Vancouver",311
"WC",1980,71,NA,827.1992,"Triennial US-Can Border-49o15'/184-366m INPFC CanVancouver",312
"WC",1983,28,NA,219.1299,"Triennial 46o10'-47o20'/184-219m INPFC Columbia",313
"WC",1983,29,NA,14.3709,"Triennial 47o20'-47o30'/184-219m INPFC Columbia",314
"WC",1983,30,NA,65.9894,"Triennial 47o30'-47o55'/184-219m INPFC US Vancouver",315
"WC",1983,70,NA,193.0291,"Triennial 47o30'-47o55'/184-366m INPFC US Vancouver",316
"WC",1983,1,NA,8543.0144,"Triennial 36o48'-40o30'/55-183m INPFC Monterey",317
"WC",1983,2,NA,2353.0486,"Triennial 40o30'-42o00'/55-183m INPFC Eureka",318
"WC",1983,3,NA,1375.1783,"Triennial 42o00'-42o50'/55-183m INPFC Eureka",319
"WC",1983,4,NA,362.3927,"Triennial 42o50'-43o00'/55-183m INPFC Eureka",320
"WC",1983,5,NA,4650.0885,"Triennial 43o00'-44o18'/55-183m INPFC Columbia",321
"WC",1983,6,NA,2647.2911,"Triennial 44o18'-45o00'/55-183m INPFC Columbia",322
"WC",1983,7,NA,4092.8146,"Triennial 45o00'-46o10'/55-183m INPFC Columbia",323
"WC",1983,8,NA,3915.8713,"Triennial 46o10'-47o20'/55-183m INPFC Columbia",324
"WC",1983,9,NA,334.6456,"Triennial 47o20'-47o30'/55-183m INPFC Columbia",325
"WC",1983,10,NA,1307.1654,"Triennial 47o30'-47o55'/55-183m INPFC US Vancouver",326
"WC",1983,11,NA,2229.8845,"Triennial 47o55'-US-Can Border/55-183m INPFC US Vancouver",327
"WC",1980,21,NA,456.575,"Triennial 36o48'-40o30'/184-219m INPFC Monterey",328
"WC",1980,22,NA,165.2135,"Triennial 40o30'-42o00'/184-219m INPFC Eureka",329
"WC",1980,23,NA,98.984,"Triennial 42o00'-42o50'/184-219m INPFC Eureka",330
"WC",1980,24,NA,43.2841,"Triennial 42o50'-43o00'/184-219m INPFC Eureka",331
"WC",1980,25,NA,314.0325,"Triennial 43o00'-44o18'/184-219m INPFC Columbia",332
"WC",1980,26,NA,155.027,"Triennial 44o18'-45o00'/184-219m INPFC Columbia",333
"WC",1980,27,NA,503.2546,"Triennial 45o00'-46o10'/184-219m INPFC Columbia",334
"WC",1980,30,NA,442.6157,"Triennial 47o30'-USCan Border/184-219m INPFC US Vancouver",335
"WC",1980,31,NA,324.6306,"Triennial US-Can Border-49o15'/184-219m INPFC CanVancouver",336
"WC",1980,41,NA,1169.013,"Triennial 36o48'-40o30'/220-366m INPFC Monterey",337
"WC",1980,42,NA,399.7089,"Triennial 40o30'-42o00'/220-366m INPFC Eureka",338
"WC",1980,43,NA,283.1643,"Triennial 42o00'-42o50'/220-366m INPFC Eureka",339
"WC",1980,44,NA,85.8479,"Triennial 42o50'-43o00'/220-366m INPFC Eureka",340
"WC",1980,45,NA,809.1927,"Triennial 43o00'-44o18'/220-366m INPFC Columbia",341
"WC",1980,46,NA,817.9387,"Triennial 44o18'-45o00'/220-366m INPFC Columbia",342
"WC",1980,47,NA,929.2357,"Triennial 45o00'-46o10'/220-366m INPFC Columbia",343
"WC",1980,48,NA,272.5319,"Triennial 46o10'-47o20'/220-366m INPFC Columbia",344
"WC",1980,49,NA,17.3205,"Triennial 47o20'-47o30'/220-366m INPFC Columbia",345
"WC",1980,50,NA,758.3631,"Triennial 47o30'-US-Can Border/220-366m INPFC US Vancouver",346
"WC",1980,51,NA,502.5686,"Triennial US-Can Border-49o15'/220-366m INPFC CanVancouver",347
"WC",1980,61,NA,1625.588,"Triennial 36o48'-40o30'/184-366m INPFC Monterey",348
"WC",1980,62,NA,564.9224,"Triennial 40o30'-42o00'/184-366m INPFC Eureka",349
"WC",1980,63,NA,382.1483,"Triennial 42o00'-42o50'/184-366m INPFC Eureka",350
"WC",1985,51,NA,99.2241,"POP Survey 1985 High Density area 5 Shallow (165-319M) USVancouver",351
"WC",1985,52,NA,35.1555,"POP Survey 1985 High Density area 5 Deep (320-475M) USVancouver",352
"WC",1985,61,NA,92.4331,"POP Survey 1985 High Density area 6 Shallow (165-319M) Columbia",353
"WC",1985,62,NA,62.491,"POP Survey 1985 High Density area 6 Deep (320-475M) Columbia N",354
"WC",1985,71,NA,122.0323,"POP Survey 1985 High Density area 7 Shallow (165-319M) Columbia",355
"WC",1985,72,NA,37.3505,"POP Survey 1985 High Density area 7 Deep (320-475M) Columbia N",356
"WC",1985,81,NA,141.445,"POP Survey 1985 High Density area 8 Shallow (165-319M) Columbia",357
"WC",1985,82,NA,80.7375,"POP Survey 1985 High Density area 8 Deep (320-475M) Columbia N",358
"WC",1985,91,NA,273.458,"POP Survey 1985 High Density area 9 Shallow (165-319M) Columbia",359
"WC",1980,28,NA,219.1299,"Triennial 46o10'-47o20'/184-219m INPFC Columbia",360
"WC",1980,29,NA,14.3709,"Triennial 47o20'-47o30'/184-219m INPFC Columbia",361
"WC",1980,1,NA,8543.0144,"Triennial 36o48'-40o30'/55-183m INPFC Monterey",362
"WC",1980,2,NA,2353.0486,"Triennial 40o30'-42o00'/55-183m INPFC Eureka",363
"WC",1980,3,NA,1375.1783,"Triennial 42o00'-42o50'/55-183m INPFC Eureka",364
"WC",1980,4,NA,362.3927,"Triennial 42o50'-43o00'/55-183m INPFC Eureka",365
"WC",1980,5,NA,4650.0885,"Triennial 43o00'-44o18'/55-183m INPFC Columbia",366
"WC",1980,6,NA,2647.2911,"Triennial 44o18'-45o00'/55-183m INPFC Columbia",367
"WC",1980,7,NA,4092.8146,"Triennial 45o00'-46o10'/55-183m INPFC Columbia",368
"WC",1980,8,NA,3915.8713,"Triennial 46o10'-47o20'/55-183m INPFC Columbia",369
"WC",1980,9,NA,334.6456,"Triennial 47o20'-47o30'/55-183m INPFC Columbia",370
"WC",1980,10,NA,3537.0498,"Triennial 47o30'-US-Can Border/55-183m INPFC US Vancouver",371
"WC",1980,11,NA,6572.1142,"Triennial US-Can Border-49o15'/55-183m INPFC CanVancouver",372
"WC",1985,92,NA,128.3431,"POP Survey 1985 High Density area 9 Deep (320-475M) Columbia M",373
"WC",1985,101,NA,418.9158,"POP Survey 1985 High Density area 10 Shallow (165-319M) Columbia M",374
"WC",1985,102,NA,153.415,"POP Survey 1985 High Density area 10 Deep (320-475M) Columbia M",375
"WC",1985,111,NA,1039.3323,"POP Survey 1985 High Density area 11 Shallow (165-319M) Columbia S",376
"WC",1985,112,NA,1581.1721,"POP Survey 1985 High Density area 11 Deep (320-475M) Columbia S",377
"WC",1979,82,NA,80.7375,"POP Survey 1979 High Density area 8 Deep (320-475M) Columbia N",378
"WC",1979,91,NA,338.8299,"POP Survey 1979 High Density area 9 Shallow (165-319M) Columbia",379
"WC",1979,92,NA,114.9669,"POP Survey 1979 High Density area 9 Deep (320-425M) Columbia M",380
"WC",1979,101,NA,285.7709,"POP Survey 1979 High Density area 10 Shallow (165-319M) Columbia M",381
"WC",1979,102,NA,31.8285,"POP Survey 1979 High Density area 10 Deep (320-425M) Columbia M",382
"WC",1979,111,NA,1041.4245,"POP Survey 1979 High Density area 11 Shallow (165-319M) Columbia S",383
"WC",1979,112,NA,965.18,"POP Survey 1979 High Density area 11 Deep (320-425M) Columbia S",384
"WC",1985,11,NA,134.0709,"POP Survey 1985 High Density area 1 Shallow (165-319M) USVancouver",385
"WC",1985,18,NA,700.8453,"POP Survey 1985 Low Density area USVancouver Shallow (165-319M)",386
"WC",1985,19,NA,107.2841,"POP Survey 1985 Low Density area USVancouver Deep (320-475M)",387
"WC",1985,21,NA,70.7911,"POP Survey 1985 High Density area 2 Shallow (165-319M) USVancouver",388
"WC",1985,22,NA,29.2219,"POP Survey 1985 High Density area 2 Deep (320-475M) USVancouver",389
"WC",1985,28,NA,175.6744,"POP Survey 1985 Low Density area Columbia N Shallow (165-319M)",390
"WC",1985,29,NA,88.5231,"POP Survey 1985 Low Density area Columbia N Deep (320-475M)",391
"WC",1985,31,NA,109.5135,"POP Survey 1985 High Density area 3 Shallow (165-319M) USVancouver",392
"WC",1985,32,NA,46.1994,"POP Survey 1985 High Density area 3 Deep (320-475M) USVancouver",393
"WC",1985,38,NA,584.5751,"POP Survey 1985 Low Density area Columbia M Shallow (165-319M)",394
"WC",1985,39,NA,409.0379,"POP Survey 1985 Low Density area Columbia M Deep (320-475M)",395
"WC",1985,41,NA,146.7611,"POP Survey 1985 High Density area 4 Shallow (165-319M) USVancouver",396
"WC",1985,42,NA,105.2949,"POP Survey 1985 High Density area 4 Deep (320-475M) USVancouver",397
"WC",1979,11,NA,134.0709,"POP Survey 1979 High Density area 1 Shallow (165-319M) USVancouver",398
"WC",1979,18,NA,700.8453,"POP Survey 1979 Low Density area USVancouver Shallow (165-319M)",399
"WC",1979,19,NA,107.2841,"POP Survey 1979 Low Density area USVancouver Deep (320-475M)",400
"WC",1979,21,NA,70.7911,"POP Survey 1979 High Density area 2 Shallow (165-319M) USVancouver",401
"WC",1979,22,NA,29.2219,"POP Survey 1979 High Density area 2 Deep (320-475M) USVancouver",402
"WC",1979,28,NA,175.6744,"POP Survey 1979 Low Density area Columbia N Shallow (165-319M)",403
"WC",1979,29,NA,88.5231,"POP Survey 1979 Low Density area Columbia N Deep (320-475M)",404
"WC",1979,31,NA,109.5135,"POP Survey 1979 High Density area 3 Shallow (165-319M) USVancouver",405
"WC",1979,32,NA,46.1994,"POP Survey 1979 High Density area 3 Deep (320-475M) USVancouver",406
"WC",1979,38,NA,624.1893,"POP Survey 1979 Low Density area Columbia M Shallow (165-319M)",407
"WC",1979,39,NA,180.6133,"POP Survey 1979 Low Density area Columbia M Deep (320-425M)",408
"WC",1979,41,NA,146.7611,"POP Survey 1979 High Density area 4 Shallow (165-319M) USVancouver",409
"WC",1979,42,NA,105.2949,"POP Survey 1979 High Density area 4 Deep (320-475M) USVancouver",410
"WC",1979,51,NA,99.2241,"POP Survey 1979 High Density area 5 Shallow (165-319M) USVancouver",411
"WC",1979,52,NA,35.1555,"POP Survey 1979 High Density area 5 Deep (320-475M) USVancouver",412
"WC",1977,62,NA,171.83298,"Triennial 3849-4002/184-274m INPFC Monterey",503
"WC",1979,61,NA,92.4331,"POP Survey 1979 High Density area 6 Shallow (165-319M) Columbia",413
"WC",1979,62,NA,62.491,"POP Survey 1979 High Density area 6 Deep (320-475M) Columbia N",414
"WC",1979,71,NA,122.0323,"POP Survey 1979 High Density area 7 Shallow (165-319M) Columbia",415
"WC",1979,72,NA,37.3505,"POP Survey 1979 High Density area 7 Deep (320-475M) Columbia N",416
"WC",1979,81,NA,141.445,"POP Survey 1979 High Density area 8 Shallow (165-319M) Columbia",417
"BS",1992,10,NA,77871.19482419,"18 station block missing. Stratum 20 and 41 reduced, stratum 21 added.",418
"BS",1992,20,NA,20740.3643,"18 station block missing. Stratum 20 and 41 reduced, stratum 21 added.",419
"BS",1992,31,NA,94526.05700702,"18 station block missing. Stratum 20 and 41 reduced, stratum 21 added.",420
"BS",1992,32,NA,8774.1702881,"18 station block missing. Stratum 20 and 41 reduced, stratum 21 added.",421
"BS",1992,41,NA,57876.8199,"18 station block missing. Stratum 20 and 41 reduced, stratum 21 added.",422
"BS",1992,42,NA,24011.08752429,"18 station block missing. Stratum 20 and 41 reduced, stratum 21 added.",423
"BS",1992,43,NA,21107.69689932,"18 station block missing. Stratum 20 and 41 reduced, stratum 21 added.",424
"BS",1992,50,NA,38792.43627929,"18 station block missing. Stratum 20 and 41 reduced, stratum 21 added.",425
"BS",1992,61,NA,88133.71459981,"18 station block missing. Stratum 20 and 41 reduced, stratum 21 added.",426
"BS",1992,62,NA,6428.61376953,"18 station block missing. Stratum 20 and 41 reduced, stratum 21 added.",427
"BS",1992,70,NA,72826.85460231,"18 station block missing. Stratum 20 and 41 reduced, stratum 21 added.",428
"BS",1992,81,NA,35362.00394957,"18 station block missing. Stratum 20 and 41 reduced, stratum 21 added.",429
"BS",1992,82,NA,20655.08836822,"18 station block missing. Stratum 20 and 41 reduced, stratum 21 added.",430
"BS",1992,90,NA,11567.95970497,"18 station block missing. Stratum 20 and 41 reduced, stratum 21 added.",431
"BS",1992,100,NA,7784.67784071,"18 station block missing. Stratum 20 and 41 reduced, stratum 21 added.",432
"BS",1992,110,NA,5646.43590022,"18 station block missing. Stratum 20 and 41 reduced, stratum 21 added.",433
"BS",1992,120,NA,4392.16391019,"18 station block missing. Stratum 20 and 41 reduced, stratum 21 added.",434
"BS",1992,130,NA,3310.929205,"18 station block missing. Stratum 20 and 41 reduced, stratum 21 added.",435
"WC",1986,11,"S",3395.57,"Triennial 36o48'-40o30'/55-91m INPFC Monterey",436
"WC",1986,11,"N",1569.89,"Triennial 40o30'-42o50'/55-91m INPFC Eureka",437
"WC",1986,11,NA,4965.46,"Triennial 36o48'-42o50'/55-91m INPFC Monterey/Eureka",438
"WC",1986,12,"S",5041.81,"Triennial 36o48'-40o30'/92-183m INPFC Monterey",439
"WC",1986,12,"N",2158.46,"Triennial 40o30'-42o50'/92-183m INPFC Eureka",440
"WC",1986,12,NA,7200.27,"Triennial 36o48'-42o50'/92-183m INPFC Monterey/Eureka",441
"WC",1986,13,"S",454.18,"Triennial 36o48'-40o30'/184-219m INPFC Monterey",442
"WC",1986,13,"N",264.2,"Triennial 40o30'-42o50'/184-219m INPFC Eureka",443
"WC",1986,13,NA,718.38,"Triennial 36o48'-42o50'/184-219m INPFC Monterey/Eureka",444
"WC",1986,14,"S",1160.71,"Triennial 36o48'-40o30'/220-366m INPFC Monterey",445
"WC",1986,14,"N",682.86,"Triennial 40o30'-42o50'/220-366m INPFC Eureka",446
"WC",1986,14,NA,1843.56,"Triennial 36o48'-42o50'/220-366m INPFC Monterey/Eureka",447
"WC",1986,21,"S",99.18,"Triennial 42o50'-43o00'/55-91m INPFC Eureka",448
"WC",1986,21,"N",2412.69,"Triennial 43o00'-45o00'/55-91m INPFC Columbia",449
"WC",1986,21,NA,2511.87,"Triennial 42o50'-45o00'/55-91m INPFC Eureka/Columbia",450
"WC",1986,22,"S",263.34,"Triennial 42o50'-43o00'/92-183m INPFC Eureka",451
"WC",1986,22,"N",4910.21,"Triennial 43o00'-45o00'/92-183m INPFC Columbia",452
"WC",1986,22,NA,5173.55,"Triennial 42o50'-45o00'/92-183m INPFC Eureka/Columbia",453
"WC",1986,23,"S",43.25,"Triennial 42o50'-43o00'/184-219m INPFC Eureka",454
"WC",1986,23,"N",457.85,"Triennial 43o00'-45o00'/184-219m INPFC Columbia",455
"WC",1986,23,NA,501.1,"Triennial 42o50'-45o00'/184-219m INPFC Eureka/Columbia",456
"WC",1986,24,"S",85.82,"Triennial 42o50'-43o00'/220-366m INPFC Eureka",457
"WC",1986,24,"N",1509.24,"Triennial 43o00'-45o00'/220-366m INPFC Columbia",458
"WC",1986,24,NA,1595.06,"Triennial 42o50'-45o00'/220-366m INPFC Eureka/Columbia",459
"WC",1986,31,NA,1056.95,"Triennial 45o00'-46o10'/55-91m INPFC Columbia",460
"WC",1986,32,NA,3035.91,"Triennial 45o00'-46o10'/92-183m INPFC Columbia",461
"WC",1986,33,NA,503.3,"Triennial 45o00'-46o10'/184-219m INPFC Columbia",462
"WC",1986,34,NA,838.95,"Triennial 45o00'-46o10'/220-366m INPFC Columbia",463
"WC",1986,41,NA,1033.66,"Triennial 46o10'-47o00'/55-91m INPFC Columbia",464
"WC",1986,42,NA,1673.91,"Triennial 46o10'-47o00'/92-183m INPFC Columbia",465
"WC",1986,43,NA,171.39,"Triennial 46o10'-47o00'/184-219m INPFC Columbia",466
"WC",1986,51,"S",644.87,"Triennial 47o00'-47o30'/55-91m INPFC Columbia",467
"WC",1986,51,"N",374.21,"Triennial 47o30'-47o50'/55-91m INPFC US-Vancouver",468
"WC",1986,51,NA,1019.08,"Triennial 47o00'-47o50'/55-91m INPFC Columbia/US-Vancouver",469
"WC",1986,52,"S",898.04,"Triennial 47o00'-47o30'/92-183m INPFC Columbia",470
"WC",1986,52,"N",658.29,"Triennial 47o30'-47o50'/92-183m INPFC US-Vancouver",471
"WC",1986,53,"S",62.08,"Triennial 47o00'-47o30'/184-219m INPFC Columbia",472
"WC",1986,53,"N",50.9,"Triennial 47o30'-47o50'/184-219m INPFC US-Vancouver",473
"WC",1986,61,NA,349.77,"Triennial 47o50'-US/Canada Border/55-91m INPFC US-Vancouver",474
"WC",1986,62,NA,2164.08,"Triennial 47o50'-US/Canada Border/92-183m INPFC US-Vancouver",475
"WC",1986,63,NA,390.8,"Triennial 47o50'-US/Canada Border/184-219m INPFC US-Vancouver",476
"WC",1986,64,NA,684.98,"Triennial 47o50'-US/Canada Border/220-366m INPFC US-Vancouver",477
"WC",1977,1,NA,789.19698,"Triennial 3400-3430/91-183m INPFC Conception",478
"WC",1977,2,NA,713.3984,"Triennial 3400-3430/184-274m INPFC Conception",479
"WC",1977,3,NA,385.16654,"Triennial 3400-3430/275-366m INPFC Conception",480
"WC",1977,4,NA,601.58692,"Triennial 3400-3430/367-475m INPFC Conception",481
"WC",1977,11,NA,695.22046,"Triennial 3430-3530/91-183m INPFC Conception",482
"WC",1977,12,NA,498.34994,"Triennial 3430-3530/184-274m INPFC Conception",483
"WC",1977,13,NA,485.65968,"Triennial 3430-3530/275-366m INPFC Conception",484
"WC",1977,14,NA,555.97058,"Triennial 3430-3530/367-475m INPFC Conception",485
"WC",1977,21,NA,882.14456,"Triennial 3530-3707/91-183m INPFC Monterey/Conception",486
"WC",1977,22,NA,266.15248,"Triennial 3530-3707/184-274m INPFC Monterey/Conception",487
"WC",1977,23,NA,292.56194,"Triennial 3530-3707/275-366m INPFC Monterey/Conception",488
"WC",1977,24,NA,353.2694,"Triennial 3530-3707/367-475m INPFC Monterey/Conception",489
"WC",1977,31,NA,1157.5575,"Triennial 3707-3756/91-183m INPFC Monterey",490
"WC",1977,32,NA,183.4943,"Triennial 3707-3756/184-274m INPFC Monterey",491
"WC",1977,33,NA,160.85762,"Triennial 3707-3756/275-366m INPFC Monterey",492
"WC",1977,34,NA,185.55218,"Triennial 3707-3756/367-475m INPFC Monterey",493
"WC",1977,41,NA,936.67838,"Triennial 3756-3819/91-183m INPFC Monterey",494
"WC",1977,42,NA,138.56392,"Triennial 3756-3819/184-274m INPFC Monterey",495
"WC",1977,43,NA,106.3238,"Triennial 3756-3819/275-366m INPFC Monterey",496
"WC",1977,44,NA,64.48024,"Triennial 3756-3819/367-475m INPFC Monterey",497
"WC",1977,51,NA,1041.97324,"Triennial 3819-3849/91-183m INPFC Monterey",498
"WC",1977,52,NA,221.90806,"Triennial 3819-3849/184-274m INPFC Monterey",499
"WC",1977,53,NA,95.00546,"Triennial 3819-3849/275-366m INPFC Monterey",500
"WC",1977,54,NA,50.41806,"Triennial 3819-3849/367-475m INPFC Monterey",501
"WC",1977,61,NA,1332.13432,"Triennial 3849-4002/91-183m INPFC Monterey",502
"WC",1998,38,"N",66.49,"Triennial 47o50'-48o20'/367-500m INPFC Canadian Vancouver",1
"WC",1998,38,NA,241.007,"Triennial 47o50'-48o20'/367-500m INPFC Vancouver",2
"WC",1998,39,NA,442.17,"Triennial 48o20'-49o40'/367-500m INPFC Canadian Vancouver",3
"WC",1986,52,NA,1556.33,"Triennial 47o00'-47o50'/92-183m INPFC Columbia/US-Vancouver",4
"WC",1986,53,NA,112.97,"Triennial 47o00'-47o50'/184-219m INPFC Columbia/US-Vancouver",5
"BS",2000,200,NA,8037.1,"Slope 200-500m, E of 170",6
"BS",2000,210,NA,7398.5,"Slope 200-500m, W of 170",7
"BS",2000,220,NA,4565.1,"Slope 500-800m, E of 170",8
"BS",2000,230,NA,5035.4,"Slope 500-800m, W of 170",9
"BS",2000,240,NA,1983.2,"Slope 800-1000m, E of 170",10
"BS",2000,250,NA,2633.1,"Slope 800-1000m, W of 170",11
"BS",2000,101,NA,2178.5216,"Bering Sea Slope Survey, Subarea 1, Depth Range 200-300 m",12
"BS",2000,102,NA,1833.88864,"Bering Sea Slope Survey, Subarea 1, Depth Range 300-400 m",13
"BS",2000,103,NA,2296.92416,"Bering Sea Slope Survey, Subarea 1, Depth Range 400-500 m",14
"BS",2000,104,NA,1765.850368,"Bering Sea Slope Survey, Subarea 1, Depth Range 500-600 m",15
"BS",2000,105,NA,1051.66592,"Bering Sea Slope Survey, Subarea 1, Depth Range 600-700 m",16
"BS",2000,106,NA,689.989888,"Bering Sea Slope Survey, Subarea 1, Depth Range 700-800 m",17
"BS",2000,107,NA,678.42752,"Bering Sea Slope Survey, Subarea 1, Depth Range 800-900 m",18
"BS",2000,108,NA,676.31296,"Bering Sea Slope Survey, Subarea 1, Depth Range 900-1000 m",19
"BS",2000,109,NA,614.342208,"Bering Sea Slope Survey, Subarea 1, Depth Range 1000-1100 m",20
"BS",2000,11,NA,2178.5216,"Bering Sea Slope Survey, Subarea 1, Depth Range 200-300 m",21
"BS",2000,12,NA,4130.8128,"Bering Sea Slope Survey, Subarea 1, Depth Range 300-500 m",22
"BS",2000,13,NA,2817.516288,"Bering Sea Slope Survey, Subarea 1, Depth Range 500-700 m",23
"BS",2000,14,NA,1368.417408,"Bering Sea Slope Survey, Subarea 1, Depth Range 700-900 m",24
"BS",2000,15,NA,1290.655168,"Bering Sea Slope Survey, Subarea 1, Depth Range 900-1100 m",25
"BS",2000,201,NA,594.272064,"Bering Sea Slope Survey, Subarea 2, Depth Range 200-300 m",26
"BS",2000,202,NA,563.362944,"Bering Sea Slope Survey, Subarea 2, Depth Range 300-400 m",27
"BS",2000,203,NA,341.263136,"Bering Sea Slope Survey, Subarea 2, Depth Range 400-500 m",28
"BS",2000,204,NA,363.811552,"Bering Sea Slope Survey, Subarea 2, Depth Range 500-600 m",29
"BS",2000,205,NA,313.230912,"Bering Sea Slope Survey, Subarea 2, Depth Range 600-700 m",30
"BS",2000,206,NA,278.043008,"Bering Sea Slope Survey, Subarea 2, Depth Range 700-800 m",31
"BS",2000,207,NA,296.899776,"Bering Sea Slope Survey, Subarea 2, Depth Range 800-900 m",32
"BS",2000,208,NA,255.833872,"Bering Sea Slope Survey, Subarea 2, Depth Range 900-1000 m",33
"BS",2000,209,NA,282.083936,"Bering Sea Slope Survey, Subarea 2, Depth Range 1000-1100 m",34
"BS",2000,21,NA,594.272064,"Bering Sea Slope Survey, Subarea 2, Depth Range 200-300 m",35
"BS",2000,22,NA,904.62608,"Bering Sea Slope Survey, Subarea 2, Depth Range 300-500 m",36
"BS",2000,23,NA,677.042464,"Bering Sea Slope Survey, Subarea 2, Depth Range 500-700 m",37
"BS",2000,24,NA,574.942784,"Bering Sea Slope Survey, Subarea 2, Depth Range 700-900 m",38
"BS",2000,25,NA,537.917808,"Bering Sea Slope Survey, Subarea 2, Depth Range 900-1100 m",39
"BS",2000,301,NA,484.165088,"Bering Sea Slope Survey, Subarea 3, Depth Range 200-300 m",40
"BS",2000,302,NA,419.617856,"Bering Sea Slope Survey, Subarea 3, Depth Range 300-400 m",41
"BS",2000,303,NA,445.146208,"Bering Sea Slope Survey, Subarea 3, Depth Range 400-500 m",42
"BS",2000,304,NA,440.96064,"Bering Sea Slope Survey, Subarea 3, Depth Range 500-600 m",43
"BS",2000,305,NA,462.60704,"Bering Sea Slope Survey, Subarea 3, Depth Range 600-700 m",44
"BS",2000,306,NA,447.655424,"Bering Sea Slope Survey, Subarea 3, Depth Range 700-800 m",45
"BS",2000,307,NA,387.223168,"Bering Sea Slope Survey, Subarea 3, Depth Range 800-900 m",46
"GOA",1993,10,NA,8615.9188,"Fox Islands                   ",47
"GOA",1993,11,NA,13678.4572,"Davidson Bank                 ",48
"GOA",1993,12,NA,7442.8917,"Lower Alaska Peninsula        ",49
"GOA",1993,13,NA,14625.1107,"Shumagin Bank                 ",50
"GOA",1993,111,NA,8036.2651,"Shumagin Outer Shelf          ",51
"GOA",1993,310,NA,2527.8392,"Shumagin Slope                ",52
"GOA",1993,510,NA,1872.7276,"Shumagin Slope                ",53
"GOA",1993,20,NA,8283.2182,"Upper Alaska Peninsula        ",54
"GOA",1993,21,NA,7298.8357,"Semidi Bank                   ",55
"GOA",1993,22,NA,10992.8423,"Chirikof Bank                 ",56
"GOA",1993,121,NA,7672.6952,"Shelikof Edge                 ",57
"GOA",1993,220,NA,9967.301,"Lower Shelikof Gully          ",58
"GOA",1993,420,NA,1896.7369,"Chirikof Slope                ",59
"GOA",1993,33,NA,5511.8557,"Kenai Peninsula               ",60
"GOA",1993,132,NA,10948.2536,"Barren Islands                ",61
"GOA",1993,231,NA,1625.7745,"Kodiak Slope                  ",62
"GOA",1993,41,NA,7857.9101,"Middleton Shallows            ",63
"GOA",1993,140,NA,7312.5553,"Middleton Shelf               ",64
"GOA",1993,143,NA,7590.3776,"Fairweather Shelf             ",65
"GOA",1993,340,NA,1738.9613,"Yakutat Gullies               ",66
"GOA",1993,540,NA,2236.2974,"Yakutat Slope                 ",67
"GOA",1993,250,NA,1035.831,"Baranof-Chichagof Slope       ",68
"GOA",1993,251,NA,3999.2681,"Prince of Wales Slope/Gullies ",69
"GOA",1993,350,NA,2075.0919,"Southeastern Deep Gullies     ",70
"GOA",1993,450,NA,1004.9619,"Southeastern Slope            ",71
"GOA",1993,550,NA,1756.1108,"Southeastern Slope            ",72
"GOA",1990,10,NA,8615.9188,"Fox Islands                   ",73
"GOA",1990,11,NA,13678.4572,"Davidson Bank                 ",74
"GOA",1990,12,NA,7442.8917,"Lower Alaska Peninsula        ",75
"GOA",1990,13,NA,14625.1107,"Shumagin Bank                 ",76
"GOA",1990,110,NA,4232.5015,"Sanak Gully                   ",77
"GOA",1990,111,NA,8036.2651,"Shumagin Outer Shelf          ",78
"GOA",1990,112,NA,2267.1665,"West Shumagin Gully           ",79
"GOA",1990,210,NA,2737.0634,"Shumagin Slope                ",80
"GOA",1990,310,NA,2527.8392,"Shumagin Slope                ",81
"GOA",1990,20,NA,8283.2182,"Upper Alaska Peninsula        ",82
"GOA",1990,21,NA,7298.8357,"Semidi Bank                   ",83
"GOA",1990,22,NA,10992.8423,"Chirikof Bank                 ",84
"GOA",1990,120,NA,11082.0198,"East Shumagin Gully           ",85
"GOA",1990,121,NA,7672.6952,"Shelikof Edge                 ",86
"GOA",1990,122,NA,4993.9402,"Chirikof Outer Shelf          ",87
"GOA",1990,220,NA,9967.301,"Lower Shelikof Gully          ",88
"GOA",1990,221,NA,1533.1671,"Chirikof Slope                ",89
"GOA",1990,29,NA,NA,NA,90
"GOA",1990,30,NA,6118.9487,"Albatross Shallows            ",91
"GOA",1990,31,NA,15338.5307,"Albatross Banks               ",92
"GOA",1990,32,NA,10471.4969,"Lower Cook Inlet              ",93
"GOA",1990,33,NA,5511.8557,"Kenai Peninsula               ",94
"GOA",1990,130,NA,7837.3306,"Albatross Gullies             ",95
"GOA",1990,131,NA,7319.4151,"Portlock Flats                ",96
"GOA",1990,132,NA,10948.2536,"Barren Islands                ",97
"GOA",1990,133,NA,12001.2341,"Kenai Flats                   ",98
"GOA",1990,134,NA,5076.2579,"Kodiak Outer Shelf            ",99
"GOA",1990,222,NA,NA,NA,100
"GOA",1990,230,NA,6729.4716,"Kenai Gullies                 ",101
"GOA",1990,231,NA,1625.7745,"Kodiak Slope                  ",102
"GOA",1990,330,NA,2960.0072,"Kodiak Slope                  ",103
"GOA",1990,34,NA,NA,NA,104
"GOA",1990,40,NA,8362.106,"Yakutat Shallows              ",105
"GOA",1990,140,NA,7312.5553,"Middleton Shelf               ",106
"GOA",1990,141,NA,5371.2297,"Yakataga Shelf                ",107
"GOA",1990,142,NA,8372.3957,"Yakutat Flats                 ",108
"GOA",1990,143,NA,7590.3776,"Fairweather Shelf             ",109
"GOA",1990,240,NA,3597.9693,"Yakutat Gullies               ",110
"WC",1977,63,NA,172.86192,"Triennial 3849-4002/275-366m INPFC Monterey",504
"WC",1977,64,NA,190.69688,"Triennial 3849-4002/367-475m INPFC Monterey",505
"WC",1977,71,NA,250.3754,"Triennial 4002-4030/91-183m INPFC Monterey",506
"WC",1977,72,NA,98.09228,"Triennial 4002-4030/184-274m INPFC Monterey",507
"WC",1977,73,NA,88.83182,"Triennial 4002-4030/275-366m INPFC Monterey",508
"WC",1977,74,NA,88.83182,"Triennial 4002-4030/367-475m INPFC Monterey",509
"WC",1977,81,NA,2406.34768,"Triennial 4030-4300/91-183m INPFC Eureka",510
"WC",1977,82,NA,593.01242,"Triennial 4030-4300/184-274m INPFC Eureka",511
"WC",1977,83,NA,487.71756,"Triennial 4030-4300/275-366m INPFC Eureka",512
"WC",1977,84,NA,481.20094,"Triennial 4030-4300/367-475m INPFC Eureka",513
"WC",1977,91,NA,4890.8948,"Triennial 4300-4500/91-183m INPFC Columbia",514
"WC",1977,92,NA,1124.63142,"Triennial 4300-4500/184-274m INPFC Columbia",515
"WC",1977,93,NA,929.4758,"Triennial 4300-4500/275-366m INPFC Columbia",516
"WC",1977,94,NA,943.53798,"Triennial 4300-4500/367-475m INPFC Columbia",517
"WC",1977,101,NA,4028.64308,"Triennial 4500-4644/91-183m INPFC Columbia",518
"WC",1977,102,NA,1023.45232,"Triennial 4500-4644/184-274m INPFC Columbia",519
"WC",1977,103,NA,641.3726,"Triennial 4500-4644/275-366m INPFC Columbia",520
"WC",1977,104,NA,1136.29274,"Triennial 4500-4644/367-475m INPFC Columbia",521
"WC",1977,111,NA,1615.77878,"Triennial 4644-4730/91-183m INPFC Columbia",522
"WC",1977,112,NA,171.14702,"Triennial 4644-4730/184-274m INPFC Columbia",523
"WC",1977,113,NA,107.35274,"Triennial 4644-4730/275-366m INPFC Columbia",524
"WC",1977,114,NA,110.09658,"Triennial 4644-4730/367-475m INPFC Columbia",525
"WC",1977,121,NA,688.70384,"Triennial 4730-4751/91-183m INPFC US-Vancouver",526
"WC",1977,122,NA,74.42666,"Triennial 4730-4751/184-274m INPFC US-Vancouver",527
"WC",1977,123,NA,65.50918,"Triennial 4730-4751/275-366m INPFC US-Vancouver",528
"WC",1977,124,NA,68.25302,"Triennial 4730-4751/367-475m INPFC US-Vancouver",529
"WC",1977,131,NA,2150.82758,"Triennial 4751-US-Canada border/91-183m INPFC US-Vancouver",530
"WC",1977,132,NA,727.46058,"Triennial 4751-US-Canada border/184-274m INPFC US-Vancouver",531
"WC",1977,133,NA,319.31438,"Triennial 4751-US-Canada border/275-366m INPFC US-Vancouver",532
"WC",1977,134,NA,124.15876,"Triennial 4751-US-Canada border/367-475m INPFC US-Vancouver",533
"WC",1977,221,NA,414.31984,"Triennial 3530-3648/91-183m INPFC Monterey/Conception",534
"WC",1977,222,NA,179.03556,"Triennial 3530-3648/184-274m INPFC Monterey/Conception",535
"WC",1977,223,NA,203.73012,"Triennial 3530-3648/275-366m INPFC Monterey/Conception",536
"WC",1977,224,NA,252.77626,"Triennial 3530-3648/367-475m INPFC Monterey/Conception",537
"WC",1977,321,NA,467.82472,"Triennial 3648-3707/91-183m INPFC Monterey/Conception",538
"WC",1977,322,NA,87.11692,"Triennial 3648-3707/184-274m INPFC Monterey/Conception",539
"WC",1977,323,NA,88.83182,"Triennial 3648-3707/275-366m INPFC Monterey/Conception",540
"WC",1977,324,NA,100.49314,"Triennial 3648-3707/367-475m INPFC Monterey/Conception",541
"WC",1992,17,"N",1032.5612,"Triennial 47o30'-47o50'/55-183m INPFC US Vancouver",542
"WC",1989,10,NA,1343.3772,"Triennial 34o30'-35o40'/55-183m INPFC Conception",543
"WC",1989,11,"S",167.1321,"Triennial 35o40'-36o00'/55-183m INPFC Conception",544
"WC",1989,11,"N",551.6291,"Triennial 36o00'-36o50'/55-183m INPFC Monterey",545
"WC",1989,11,NA,718.7612,"Triennial 35o40'-36o50'/55-183m INPFC Conception/Monterey",546
"WC",1989,12,NA,3734.9531,"Triennial 36o50'-38o00'/55-183m INPFC Monterey",547
"WC",1989,13,NA,4724.3509,"Triennial 38o00'-40o30'/55-183m INPFC Monterey",548
"WC",1989,14,NA,4090.6449,"Triennial 40o30'-43o00'/55-183m INPFC Eureka",549
"WC",1989,15,NA,6249.9692,"Triennial 43o00'-44o40'/55-183m INPFC Columbia",550
"WC",1989,16,NA,6014.3097,"Triennial 44o40'-46o30'/55-183m INPFC Columbia",551
"WC",1989,17,"S",3377.9641,"Triennial 46o30'-47o30'/55-183m INPFC Columbia",552
"WC",1989,17,"N",1032.5612,"Triennial 47o30'-47o50'/55-183m INPFC US Vancouver",553
"WC",1989,17,NA,4410.5252,"Triennial 46o30'-47o50'/55-183m INPFC Columbia/US Vancouver",554
"WC",1989,18,"S",2122.756,"Triennial 47o50'-48o20'/55-183m INPFC US Vancouver",555
"WC",1989,18,"N",159.4,"Triennial 47o50'-48o20'/55-183m INPFC Canadian Vancouver",556
"WC",1989,18,NA,2282.156,"Triennial 47o50'-48o20'/55-183m INPFC Vancouver",557
"WC",1989,19,"S",362.631,"Triennial 48o20'-49o40'/55-183m INPFC US Vancouver",558
"WC",1989,19,"N",8224.39,"Triennial 48o20'-49o40'/55-183m INPFC Canadian Vancouver",559
"WC",1989,19,NA,8587.021,"Triennial 48o20'-49o40'/55-183m INPFC Vancouver",560
"WC",1989,20,NA,1089.7401,"Triennial 34o30'-35o40'/183-366m INPFC Conception",561
"WC",1989,21,"S",104.909,"Triennial 35o40'-36o00'/183-366m INPFC Conception",562
"WC",1989,21,"N",189.1181,"Triennial 36o00'-36o50'/183-366m INPFC Monterey",563
"WC",1989,23,NA,1112.2245,"Triennial 38o00'-40o30'/183-366m INPFC Monterey",564
"WC",1989,24,NA,1076.1996,"Triennial 40o30'-43o00'/183-366m INPFC Eureka",565
"WC",1989,25,NA,1508.1174,"Triennial 43o00'-44o40'/183-366m INPFC Columbia",566
"WC",1989,26,NA,2118.4674,"Triennial 44o40'-46o30'/183-366m INPFC Columbia",567
"WC",1989,27,"S",411.978,"Triennial 46o30'-47o30'/183-366m INPFC Columbia",568
"WC",1989,27,"N",124.6811,"Triennial 47o30'-47o50'/183-366m INPFC US Vancouver",569
"WC",1989,27,NA,536.6591,"Triennial 46o30'-47o50'/183-366m INPFC Columbia/US Vancouver",570
"WC",1989,28,"S",786.9642,"Triennial 47o50'-48o20'/183-366m INPFC US Vancouver",571
"WC",1989,28,"N",87.6,"Triennial 47o50'-48o20'/183-366m INPFC Canadian Vancouver",572
"WC",1989,28,NA,874.5642,"Triennial 47o50'-48o20'/183-366m INPFC Vancouver",573
"WC",1989,29,"S",269.5192,"Triennial 48o20'-49o40'/183-366m INPFC US Vancouver",574
"WC",1989,29,"N",941.69,"Triennial 48o20'-49o40'/183-366m INPFC Canadian Vancouver",575
"WC",1989,29,NA,1211.2092,"Triennial 48o20'-49o40'/183-366m INPFC Vancouver",576
"WC",1992,10,NA,1343.3772,"Triennial 34o30'-35o40'/55-183m INPFC Conception",577
"WC",1992,11,"S",167.1321,"Triennial 35o40'-36o00'/55-183m INPFC Conception",578
"WC",1992,11,"N",551.6291,"Triennial 36o00'-36o50'/55-183m INPFC Monterey",579
"WC",1992,11,NA,718.7612,"Triennial 35o40'-36o50'/55-183m INPFC Conception/Monterey",580
"WC",1992,12,NA,3734.9531,"Triennial 36o50'-38o00'/55-183m INPFC Monterey",581
"WC",1992,13,NA,4724.3509,"Triennial 38o00'-40o30'/55-183m INPFC Monterey",582
"WC",1992,14,NA,4090.6449,"Triennial 40o30'-43o00'/55-183m INPFC Eureka",583
"WC",1992,15,NA,6249.9692,"Triennial 43o00'-44o40'/55-183m INPFC Columbia",584
"WC",1992,16,NA,6014.3097,"Triennial 44o40'-46o30'/55-183m INPFC Columbia",585
"WC",1992,17,"S",3377.9641,"Triennial 46o30'-47o30'/55-183m INPFC Columbia",586
"WC",1983,47,NA,929.2357,"Triennial 45o00'-46o10'/220-366m INPFC Columbia",587
"WC",1983,48,NA,272.5319,"Triennial 46o10'-47o20'/220-366m INPFC Columbia",588
"WC",1983,49,NA,17.3205,"Triennial 47o20'-47o30'/220-366m INPFC Columbia",589
"WC",1983,50,NA,127.0398,"Triennial 47o30'-47o55'/220-366m INPFC US Vancouver",590
"WC",1983,51,NA,631.3233,"Triennial 47o55'-US-Can Border/220-366m INPFC US Vancouver",591
"WC",1983,52,NA,502.5686,"Triennial US-Can Border-49o15'/220-366m INPFC CanVancouver",592
"WC",1995,31,NA,302.405,"Triennial 35o40'-36o50'/367-500m INPFC Conception/Monterey",593
"WC",1995,32,NA,354.351,"Triennial 36o50'-38o00'/367-500m INPFC Monterey",594
"WC",1995,33,NA,676.8,"Triennial 38o00'-40o30'/367-500m INPFC Monterey",595
"WC",1995,34,NA,736.614,"Triennial 40o30'-43o00'/367-500m INPFC Eureka",596
"WC",1995,35,NA,775.002,"Triennial 43o00'-44o40'/367-500m INPFC Columbia",597
"WC",1995,36,NA,2101.246,"Triennial 44o40'-46o30'/367-500m INPFC Columbia",598
"WC",1995,37,"S",217.848,"Triennial 46o30'-47o30'/367-500m INPFC Columbia",599
"WC",1995,37,"N",102.19,"Triennial 47o30'-47o50'/367-500m INPFC US Vancouver",600
"WC",1995,37,NA,320.038,"Triennial 46o30'-47o50'/367-500m INPFC Columbia/US Vancouver",601
"WC",1995,38,"S",174.517,"Triennial 47o50'-48o20'/367-500m INPFC US Vancouver",602
"WC",1995,38,"N",66.49,"Triennial 47o50'-48o20'/367-500m INPFC Canadian Vancouver",603
"WC",1995,38,NA,241.007,"Triennial 47o50'-48o20'/367-500m INPFC Vancouver",604
"WC",1995,39,NA,442.17,"Triennial 48o20'-49o40'/367-500m INPFC Canadian Vancouver",605
"WC",1983,61,NA,1625.588,"Triennial 36o48'-40o30'/184-366m INPFC Monterey",606
"WC",1983,62,NA,564.9224,"Triennial 40o30'-42o00'/184-366m INPFC Eureka",607
"WC",1983,63,NA,382.1483,"Triennial 42o00'-42o50'/184-366m INPFC Eureka",608
"WC",1983,64,NA,129.132,"Triennial 42o50'-43o00'/184-366m INPFC Eureka",609
"WC",1983,65,NA,1123.2252,"Triennial 43o00'-44o18'/184-366m INPFC Columbia",610
"WC",1983,66,NA,972.9657,"Triennial 44o18'-45o00'/184-366m INPFC Columbia",611
"WC",1983,67,NA,1432.4903,"Triennial 45o00'-46o10'/184-366m INPFC Columbia",612
"WC",1983,68,NA,491.6618,"Triennial 46o10'-47o20'/184-366m INPFC Columbia",613
"WC",1983,69,NA,31.6914,"Triennial 47o20'-47o30'/184-366m INPFC Columbia",614
"WC",1983,71,NA,1007.9496,"Triennial 47o55'-US-Can Border/184-366m INPFC US Vancouver",615
"WC",1983,72,NA,827.1992,"Triennial US-Can Border-49o15'/184-366m INPFC CanVancouver",616
"WC",1998,22,NA,493.8682,"Triennial 36o50'-38o00'/183-366m INPFC Monterey",617
"WC",1998,23,NA,1112.2245,"Triennial 38o00'-40o30'/183-366m INPFC Monterey",618
"WC",1998,24,NA,1076.1996,"Triennial 40o30'-43o00'/183-366m INPFC Eureka",619
"WC",1998,25,NA,1508.1174,"Triennial 43o00'-44o40'/183-366m INPFC Columbia",620
"WC",1998,26,NA,2118.4674,"Triennial 44o40'-46o30'/183-366m INPFC Columbia",621
"WC",1998,27,"S",411.978,"Triennial 46o30'-47o30'/183-366m INPFC Columbia",622
"WC",1998,27,"N",124.6811,"Triennial 47o30'-47o50'/183-366m INPFC US Vancouver",623
"WC",1998,27,NA,536.6591,"Triennial 46o30'-47o50'/183-366m INPFC Columbia/US Vancouver",624
"WC",1998,28,"S",786.9642,"Triennial 47o50'-48o20'/183-366m INPFC US Vancouver",625
"WC",1998,28,"N",87.6,"Triennial 47o50'-48o20'/183-366m INPFC Canadian Vancouver",626
"WC",1998,28,NA,874.5642,"Triennial 47o50'-48o20'/183-366m INPFC Vancouver",627
"WC",1998,29,"S",269.5192,"Triennial 48o20'-49o40'/183-366m INPFC US Vancouver",628
"WC",1998,29,"N",941.69,"Triennial 48o20'-49o40'/183-366m INPFC Canadian Vancouver",629
"WC",1998,29,NA,1211.2092,"Triennial 48o20'-49o40'/183-366m INPFC Vancouver",630
"WC",1998,30,NA,943.603,"Triennial 34o30'-35o40'/367-500m INPFC Conception",631
"WC",1998,31,"S",113.184,"Triennial 35o40'-36o00'/367-500m INPFC Conception",632
"WC",1998,31,"N",189.221,"Triennial 36o00'-36o50'/367-500m INPFC Monterey",633
"WC",1998,20,NA,1089.7401,"Triennial 34o30'-35o40'/183-366m INPFC Conception",634
"WC",1998,21,"S",104.909,"Triennial 35o40'-36o00'/183-366m INPFC Conception",635
"WC",1998,21,"N",189.1181,"Triennial 36o00'-36o50'/183-366m INPFC Monterey",636
"WC",1998,21,NA,294.0272,"Triennial 35o40'-36o50'/183-366m INPFC Conception/Monterey",637
"WC",1998,10,NA,1343.3772,"Triennial 34o30'-35o40'/55-183m INPFC Conception",638
"WC",1998,11,"S",167.1321,"Triennial 35o40'-36o00'/55-183m INPFC Conception",639
"WC",1998,11,"N",551.6291,"Triennial 36o00'-36o50'/55-183m INPFC Monterey",640
"WC",1998,11,NA,718.7612,"Triennial 35o40'-36o50'/55-183m INPFC Conception/Monterey",641
"WC",1998,12,NA,3734.9531,"Triennial 36o50'-38o00'/55-183m INPFC Monterey",642
"WC",1998,13,NA,4724.3509,"Triennial 38o00'-40o30'/55-183m INPFC Monterey",643
"WC",1998,14,NA,4090.6449,"Triennial 40o30'-43o00'/55-183m INPFC Eureka",644
"WC",1998,15,NA,6249.9692,"Triennial 43o00'-44o40'/55-183m INPFC Columbia",645
"WC",1998,16,NA,6014.3097,"Triennial 44o40'-46o30'/55-183m INPFC Columbia",646
"WC",1998,17,"S",3377.9641,"Triennial 46o30'-47o30'/55-183m INPFC Columbia",647
"WC",1998,17,"N",1032.5612,"Triennial 47o30'-47o50'/55-183m INPFC US Vancouver",648
"WC",1998,17,NA,4410.5252,"Triennial 46o30'-47o50'/55-183m INPFC Columbia/US Vancouver",649
"WC",1998,18,"S",2122.756,"Triennial 47o50'-48o20'/55-183m INPFC US Vancouver",650
"WC",1998,18,"N",159.4,"Triennial 47o50'-48o20'/55-183m INPFC Canadian Vancouver",651
"WC",1998,18,NA,2282.156,"Triennial 47o50'-48o20'/55-183m INPFC Vancouver",652
"WC",1998,19,"S",362.631,"Triennial 48o20'-49o40'/55-183m INPFC US Vancouver",653
"WC",1998,19,"N",8224.39,"Triennial 48o20'-49o40'/55-183m INPFC Canadian Vancouver",654
"WC",1998,19,NA,8587.021,"Triennial 48o20'-49o40'/55-183m INPFC Vancouver",655
"WC",1998,31,NA,302.405,"Triennial 35o40'-36o50'/367-500m INPFC Conception/Monterey",656
"WC",1998,32,NA,354.351,"Triennial 36o50'-38o00'/367-500m INPFC Monterey",657
"WC",1998,33,NA,676.8,"Triennial 38o00'-40o30'/367-500m INPFC Monterey",658
"WC",1998,34,NA,736.614,"Triennial 40o30'-43o00'/367-500m INPFC Eureka",659
"WC",1998,35,NA,775.002,"Triennial 43o00'-44o40'/367-500m INPFC Columbia",660
"WC",1998,36,NA,2101.246,"Triennial 44o40'-46o30'/367-500m INPFC Columbia",661
"WC",1998,37,"S",217.848,"Triennial 46o30'-47o30'/367-500m INPFC Columbia",662
"WC",1998,37,"N",102.19,"Triennial 47o30'-47o50'/367-500m INPFC US Vancouver",663
"WC",1998,37,NA,320.038,"Triennial 46o30'-47o50'/367-500m INPFC Columbia/US Vancouver",664
"WC",1998,38,"S",174.517,"Triennial 47o50'-48o20'/367-500m INPFC US Vancouver",665
"BS",1993,41,NA,62703.46301286,"50-100m in NW section, low density, - MIDDLE DOMAIN",666
"BS",1993,42,NA,24011.08752429,"50-100m in NW section, high density, pribilofs - MIDDLE DOMAIN",667
"BS",1993,43,NA,21107.69689932,"50-100m in NW section, high density, St.Matthew - MIDDLE DOMAIN",668
"BS",1993,50,NA,38792.43627929,"100-200 m, SE section - OUTER DOMAIN",669
"BS",1993,61,NA,88133.71459981,"100-200 m, NW section, low density - OUTER DOMAIN",670
"BS",1993,62,NA,6428.61376953,"100-200 m, NW section, high density, St. Matthew - OUTER DOMAIN",671
"BS",1993,70,NA,72826.85460231,"<50 m , N of standard area, N to St.Lawrence Is.",672
"BS",1993,81,NA,35362.00394957,">50 m, N of standard area, between 50 m and convention line,
N to St Lawrence",673
"BS",1993,82,NA,20655.08836822,">50 m, N of standard area, between stratum 81 and convention
line and stratum 90",674
"BS",1993,90,NA,11567.95970497,"> 100 m,  N of standard area, between 100 m and convention line",675
"BS",1993,100,NA,7784.67784071,"200-500 m South of 56.16",676
"BS",1993,110,NA,5646.43590022,"200-500 m North of 56.16",677
"BS",1993,120,NA,4392.16391019,"500-800 m South of 56.16",678
"BS",1993,130,NA,3310.929205,"500-800 m North of 56.16",679
"WC",2001,22,NA,493.8682,"Triennial 36o50'-38o00'/183-366m INPFC Monterey",680
"WC",2001,23,NA,1112.2245,"Triennial 38o00'-40o30'/183-366m INPFC Monterey",681
"WC",2001,24,NA,1076.1996,"Triennial 40o30'-43o00'/183-366m INPFC Eureka",682
"WC",2001,25,NA,1508.1174,"Triennial 43o00'-44o40'/183-366m INPFC Columbia",683
"WC",2001,26,NA,2118.4674,"Triennial 44o40'-46o30'/183-366m INPFC Columbia",684
"WC",2001,27,"S",411.978,"Triennial 46o30'-47o30'/183-366m INPFC Columbia",685
"WC",2001,27,"N",124.6811,"Triennial 47o30'-47o50'/183-366m INPFC US Vancouver",686
"WC",2001,27,NA,536.6591,"Triennial 46o30'-47o50'/183-366m INPFC Columbia/US Vancouver",687
"WC",2001,28,"S",786.9642,"Triennial 47o50'-48o20'/183-366m INPFC US Vancouver",688
"WC",2001,28,"N",87.6,"Triennial 47o50'-48o20'/183-366m INPFC Canadian Vancouver",689
"WC",2001,28,NA,874.5642,"Triennial 47o50'-48o20'/183-366m INPFC Vancouver",690
"WC",2001,29,"S",269.5192,"Triennial 48o20'-49o40'/183-366m INPFC US Vancouver",691
"WC",2001,29,"N",941.69,"Triennial 48o20'-49o40'/183-366m INPFC Canadian Vancouver",692
"WC",2001,29,NA,1211.2092,"Triennial 48o20'-49o40'/183-366m INPFC Vancouver",693
"WC",2001,30,NA,943.603,"Triennial 34o30'-35o40'/367-500m INPFC Conception",694
"WC",2001,31,"S",113.184,"Triennial 35o40'-36o00'/367-500m INPFC Conception",695
"WC",2001,31,"N",189.221,"Triennial 36o00'-36o50'/367-500m INPFC Monterey",696
"WC",2001,20,NA,1089.7401,"Triennial 34o30'-35o40'/183-366m INPFC Conception",697
"WC",2001,21,"S",104.909,"Triennial 35o40'-36o00'/183-366m INPFC Conception",698
"WC",2001,21,"N",189.1181,"Triennial 36o00'-36o50'/183-366m INPFC Monterey",699
"WC",2001,21,NA,294.0272,"Triennial 35o40'-36o50'/183-366m INPFC Conception/Monterey",700
"WC",2001,10,NA,1343.3772,"Triennial 34o30'-35o40'/55-183m INPFC Conception",701
"WC",2001,11,"S",167.1321,"Triennial 35o40'-36o00'/55-183m INPFC Conception",702
"WC",2001,11,"N",551.6291,"Triennial 36o00'-36o50'/55-183m INPFC Monterey",703
"WC",2001,11,NA,718.7612,"Triennial 35o40'-36o50'/55-183m INPFC Conception/Monterey",704
"WC",2001,12,NA,3734.9531,"Triennial 36o50'-38o00'/55-183m INPFC Monterey",705
"WC",2001,13,NA,4724.3509,"Triennial 38o00'-40o30'/55-183m INPFC Monterey",706
"WC",2001,14,NA,4090.6449,"Triennial 40o30'-43o00'/55-183m INPFC Eureka",707
"WC",2001,15,NA,6249.9692,"Triennial 43o00'-44o40'/55-183m INPFC Columbia",708
"WC",2001,16,NA,6014.3097,"Triennial 44o40'-46o30'/55-183m INPFC Columbia",709
"WC",2001,17,"S",3377.9641,"Triennial 46o30'-47o30'/55-183m INPFC Columbia",710
"WC",2001,17,"N",1032.5612,"Triennial 47o30'-47o50'/55-183m INPFC US Vancouver",711
"WC",2001,17,NA,4410.5252,"Triennial 46o30'-47o50'/55-183m INPFC Columbia/US Vancouver",712
"WC",2001,18,"S",2122.756,"Triennial 47o50'-48o20'/55-183m INPFC US Vancouver",713
"WC",2001,18,"N",159.4,"Triennial 47o50'-48o20'/55-183m INPFC Canadian Vancouver",714
"WC",2001,18,NA,2282.156,"Triennial 47o50'-48o20'/55-183m INPFC Vancouver",715
"WC",2001,19,"S",362.631,"Triennial 48o20'-49o40'/55-183m INPFC US Vancouver",716
"WC",2001,19,"N",8224.39,"Triennial 48o20'-49o40'/55-183m INPFC Canadian Vancouver",717
"WC",2001,19,NA,8587.021,"Triennial 48o20'-49o40'/55-183m INPFC Vancouver",718
"WC",2001,31,NA,302.405,"Triennial 35o40'-36o50'/367-500m INPFC Conception/Monterey",719
"WC",2001,32,NA,354.351,"Triennial 36o50'-38o00'/367-500m INPFC Monterey",720
"WC",2001,33,NA,676.8,"Triennial 38o00'-40o30'/367-500m INPFC Monterey",721
"WC",2001,34,NA,736.614,"Triennial 40o30'-43o00'/367-500m INPFC Eureka",722
"WC",2001,35,NA,775.002,"Triennial 43o00'-44o40'/367-500m INPFC Columbia",723
"WC",2001,36,NA,2101.246,"Triennial 44o40'-46o30'/367-500m INPFC Columbia",724
"WC",2001,37,"S",217.848,"Triennial 46o30'-47o30'/367-500m INPFC Columbia",725
"WC",2001,37,"N",102.19,"Triennial 47o30'-47o50'/367-500m INPFC US Vancouver",726
"WC",2001,37,NA,320.038,"Triennial 46o30'-47o50'/367-500m INPFC Columbia/US Vancouver",727
"WC",2001,38,"S",174.517,"Triennial 47o50'-48o20'/367-500m INPFC US Vancouver",728
"WC",2001,38,"N",66.49,"Triennial 47o50'-48o20'/367-500m INPFC Canadian Vancouver",729
"WC",2001,38,NA,241.007,"Triennial 47o50'-48o20'/367-500m INPFC Vancouver",730
"WC",2001,39,NA,442.17,"Triennial 48o20'-49o40'/367-500m INPFC Canadian Vancouver",731
"BS",2002,11,NA,4012.41,"EBS slope subarea 1 depth stratum 1 200-400 meters",732
"BS",2002,12,NA,4062.77,"EBS slope subarea 1 depth stratum 2 400-600 meters",733
"BS",2002,13,NA,1741.66,"EBS slope subarea 1 depth stratum 3 600-800 meters",734
"BS",2002,14,NA,1354.74,"EBS slope subarea 1 depth stratum 4  800-1000 meters",735
"BS",2002,15,NA,1106.89,"EBS slope subarea 1 depth stratum 5 1000-1200 meters",736
"BS",2002,21,NA,1157.635,"EBS slope subarea 2 depth stratum 1 200-400 meters",737
"BS",2002,22,NA,705.075,"EBS slope subarea 2 depth stratum 2 400-600 meters",738
"BS",2002,23,NA,591.273,"EBS slope subarea 2 depth stratum 3 600-800 meters",739
"BS",2002,24,NA,552.734,"EBS slope subarea 2 depth stratum 4  800-1000 meters",740
"BS",2002,25,NA,535.671,"EBS slope subarea 2 depth stratum 5 1000-1200 meters",741
"BS",2002,31,NA,903.783,"EBS slope subarea 3 depth stratum 1 200-400 meters",742
"BS",2002,32,NA,886.107,"EBS slope subarea 3 depth stratum 2 400-600 meters",743
"BS",2002,33,NA,910.262,"EBS slope subarea 3 depth stratum 3 600-800 meters",744
"BS",2002,34,NA,732.352,"EBS slope subarea 3 depth stratum 4  800-1000 meters",745
"BS",2002,35,NA,675.523,"EBS slope subarea 3 depth stratum 5 1000-1200 meters",746
"BS",2002,41,NA,1236.274,"EBS slope subarea 4 depth stratum 1 200-400 meters",747
"BS",2002,42,NA,730.35,"EBS slope subarea 4 depth stratum 2 400-600 meters",748
"BS",2002,43,NA,693.954,"EBS slope subarea 4 depth stratum 3 600-800 meters",749
"BS",2002,44,NA,707.59,"EBS slope subarea 4 depth stratum 4  800-1000 meters",750
"BS",2002,45,NA,662.419,"EBS slope subarea 4 depth stratum 5 1000-1200 meters",751
"BS",2002,51,NA,423.712,"EBS slope subarea 5 depth stratum 1 200-400 meters",752
"BS",2002,52,NA,425.725,"EBS slope subarea 5 depth stratum 2 400-600 meters",753
"BS",2002,53,NA,431.829,"EBS slope subarea 5 depth stratum 3 600-800 meters",754
"BS",2002,54,NA,551.99,"EBS slope subarea 5 depth stratum 4  800-1000 meters",755
"BS",2002,55,NA,570.139,"EBS slope subarea 5 depth stratum 5 1000-1200 meters",756
"BS",2002,61,NA,2595.79,"EBS slope subarea 6 depth stratum 1 200-400 meters",757
"BS",2002,62,NA,1705.756,"EBS slope subarea 6 depth stratum 2 400-600 meters",758
"BS",2002,63,NA,917.491,"EBS slope subarea 6 depth stratum 3 600-800 meters",759
"BS",2002,64,NA,645.173,"EBS slope subarea 6 depth stratum 4  800-1000 meters",760
"BS",2002,65,NA,496.416,"EBS slope subarea 6 depth stratum 5 1000-1200 meters",761
"WC",2004,10,NA,1343.3772,"Triennial 34o30'-35o40'/55-183m INPFC Conception",762
"WC",2004,11,"N",551.6291,"Triennial 36o00'-36o50'/55-183m INPFC Monterey",763
"WC",2004,11,"S",167.1321,"Triennial 35o40'-36o00'/55-183m INPFC Conception",764
"WC",2004,11,NA,718.7612,"Triennial 35o40'-36o50'/55-183m INPFC Conception/Monterey",765
"WC",2004,12,NA,3734.9531,"Triennial 36o50'-38o00'/55-183m INPFC Monterey",766
"WC",2004,13,NA,4724.3509,"Triennial 38o00'-40o30'/55-183m INPFC Monterey",767
"WC",2004,14,NA,4090.6449,"Triennial 40o30'-43o00'/55-183m INPFC Eureka",768
"WC",2004,15,NA,6249.9692,"Triennial 43o00'-44o40'/55-183m INPFC Columbia",769
"WC",2004,16,NA,6014.3097,"Triennial 44o40'-46o30'/55-183m INPFC Columbia",770
"WC",2004,17,"N",1032.5612,"Triennial 47o30'-47o50'/55-183m INPFC US Vancouver",771
"WC",2004,17,"S",3377.9641,"Triennial 46o30'-47o30'/55-183m INPFC Columbia",772
"WC",2004,17,NA,4410.5252,"Triennial 46o30'-47o50'/55-183m INPFC Columbia/US Vancouver",773
"WC",2004,18,NA,2485.387,"Triennial 47o50'-48o20'/55-183m INPFC US Vancouver",774
"WC",2004,20,NA,1089.7401,"Triennial 34o30'-35o40'/183-366m INPFC Conception",775
"WC",2004,21,"N",189.1181,"Triennial 36o00'-36o50'/183-366m INPFC Monterey",776
"WC",2004,21,"S",104.909,"Triennial 35o40'-36o00'/183-366m INPFC Conception",777
"WC",2004,21,NA,294.0272,"Triennial 35o40'-36o50'/183-366m INPFC Conception/Monterey",778
"WC",2004,22,NA,493.8682,"Triennial 36o50'-38o00'/183-366m INPFC Monterey",779
"WC",2004,23,NA,1112.2245,"Triennial 38o00'-40o30'/183-366m INPFC Monterey",780
"WC",2004,24,NA,1076.1996,"Triennial 40o30'-43o00'/183-366m INPFC Eureka",781
"WC",2004,25,NA,1508.1174,"Triennial 43o00'-44o40'/183-366m INPFC Columbia",782
"WC",2004,26,NA,2118.4674,"Triennial 44o40'-46o30'/183-366m INPFC Columbia",783
"WC",2004,27,"N",124.6811,"Triennial 47o30'-47o50'/183-366m INPFC US Vancouver",784
"WC",2004,27,"S",411.978,"Triennial 46o30'-47o30'/183-366m INPFC Columbia",785
"WC",2004,27,NA,536.6591,"Triennial 46o30'-47o50'/183-366m INPFC Columbia/US Vancouver",786
"WC",2004,28,NA,1056.4834,"Triennial 47o50'-48o20'/183-366m INPFC US Vancouver",787
"WC",2004,30,NA,943.603,"Triennial 34o30'-35o40'/367-500m INPFC Conception",788
"WC",2004,31,"N",189.221,"Triennial 36o00'-36o50'/367-500m INPFC Monterey",789
"WC",2004,31,"S",113.184,"Triennial 35o40'-36o00'/367-500m INPFC Conception",790
"WC",2004,31,NA,302.405,"Triennial 35o40'-36o50'/367-500m INPFC Conception/Monterey",791
"WC",2004,32,NA,354.351,"Triennial 36o50'-38o00'/367-500m INPFC Monterey",792
"WC",2004,33,NA,676.8,"Triennial 38o00'-40o30'/367-500m INPFC Monterey",793
"WC",2004,34,NA,736.614,"Triennial 40o30'-43o00'/367-500m INPFC Eureka",794
"WC",2004,35,NA,775.002,"Triennial 43o00'-44o40'/367-500m INPFC Columbia",795
"WC",2004,36,NA,2101.246,"Triennial 44o40'-46o30'/367-500m INPFC Columbia",796
"WC",2004,37,"N",102.19,"Triennial 47o30'-47o50'/367-500m INPFC US Vancouver",797
"WC",2004,37,"S",217.848,"Triennial 46o30'-47o30'/367-500m INPFC Columbia",798
"WC",2004,37,NA,320.038,"Triennial 46o30'-47o50'/367-500m INPFC Columbia/US Vancouver",799
"WC",2004,38,NA,174.517,"Triennial 47o50'-48o20'/367-500m INPFC US Vancouver",800
"BS",2000,308,NA,345.128928,"Bering Sea Slope Survey, Subarea 3, Depth Range 900-1000 m",801
"BS",2000,309,NA,325.803392,"Bering Sea Slope Survey, Subarea 3, Depth Range 1000-1100 m",802
"BS",2000,31,NA,484.165088,"Bering Sea Slope Survey, Subarea 3, Depth Range 200-100 m",803
"BS",2000,32,NA,864.764064,"Bering Sea Slope Survey, Subarea 3, Depth Range 300-500 m",804
"BS",2000,33,NA,903.56768,"Bering Sea Slope Survey, Subarea 3, Depth Range 500-700 m",805
"BS",2000,34,NA,834.878592,"Bering Sea Slope Survey, Subarea 3, Depth Range 700-900 m",806
"BS",2000,35,NA,670.93232,"Bering Sea Slope Survey, Subarea 3, Depth Range 900-1100 m",807
"BS",2000,401,NA,707.951424,"Bering Sea Slope Survey, Subarea 4, Depth Range 200-300 m",808
"BS",2000,402,NA,528.322688,"Bering Sea Slope Survey, Subarea 4, Depth Range 300-400 m",809
"BS",2000,403,NA,392.988288,"Bering Sea Slope Survey, Subarea 4, Depth Range 400-500 m",810
"BS",2000,404,NA,337.361632,"Bering Sea Slope Survey, Subarea 4, Depth Range 500-600 m",811
"BS",2000,405,NA,335.074016,"Bering Sea Slope Survey, Subarea 4, Depth Range 600-700 m",812
"BS",2000,406,NA,358.87984,"Bering Sea Slope Survey, Subarea 4, Depth Range 700-800 m",813
"BS",2000,407,NA,343.220832,"Bering Sea Slope Survey, Subarea 4, Depth Range 800-900 m",814
"BS",2000,408,NA,364.368416,"Bering Sea Slope Survey, Subarea 4, Depth Range 900-1000 m",815
"BS",2000,409,NA,345.046336,"Bering Sea Slope Survey, Subarea 4, Depth Range 1000-1100 m",816
"BS",2000,41,NA,707.951424,"Bering Sea Slope Survey, Subarea 4, Depth Range 200-300 m",817
"BS",2000,42,NA,921.310976,"Bering Sea Slope Survey, Subarea 4, Depth Range 300-500 m",818
"BS",2000,43,NA,672.435648,"Bering Sea Slope Survey, Subarea 4, Depth Range 500-700 m",819
"BS",2000,44,NA,702.100672,"Bering Sea Slope Survey, Subarea 4, Depth Range 700-900 m",820
"BS",2000,45,NA,709.414752,"Bering Sea Slope Survey, Subarea 4, Depth Range 900-1100 m",821
"BS",2000,501,NA,1694.968832,"Bering Sea Slope Survey, Subarea 5, Depth Range 200-300m",822
"BS",2000,502,NA,1342.15552,"Bering Sea Slope Survey, Subarea 5, Depth Range 300-400 m",823
"BS",2000,503,NA,1262.28992,"Bering Sea Slope Survey, Subarea 5, Depth Range 400-500 m",824
"BS",2000,504,NA,1058.0048,"Bering Sea Slope Survey, Subarea 5, Depth Range 500-600 m",825
"BS",2000,505,NA,854.241408,"Bering Sea Slope Survey, Subarea 5, Depth Range 600-700 m",826
"BS",2000,506,NA,646.045056,"Bering Sea Slope Survey, Subarea 5, Depth Range 700-800 m",827
"BS",2000,507,NA,613.16,"Bering Sea Slope Survey, Subarea 5, Depth Range 800-900 m",828
"BS",2000,508,NA,512.640576,"Bering Sea Slope Survey, Subarea 5, Depth Range 900-1000 m",829
"BS",2000,509,NA,492.024352,"Bering Sea Slope Survey, Subarea 5, Depth Range 1000-1100 m",830
"BS",2000,51,NA,1694.968832,"Bering Sea Slope Survey, Subarea 5, Depth Range 200-300 m",831
"BS",2000,52,NA,2604.44544,"Bering Sea Slope Survey, Subarea 5, Depth Range 300-500 m",832
"BS",2000,53,NA,1912.246208,"Bering Sea Slope Survey, Subarea 5, Depth Range 500-700 m",833
"BS",2000,54,NA,1259.205056,"Bering Sea Slope Survey, Subarea 5, Depth Range 700-900 m",834
"BS",2000,55,NA,1004.664928,"Bering Sea Slope Survey, Subarea 5, Depth Range 900-1100 m",835
"BS",2000,1,NA,5659.879008,"Bering Sea Slope Survey, All Subareas, Depth Range 200-300 m",836
"BS",2000,2,NA,9425.95936,"Bering Sea Slope Survey, All Subareas, Depth Range 300-500 m",837
"BS",2000,3,NA,6982.808288,"Bering Sea Slope Survey, All Subareas, Depth Range 500-700 m",838
"BS",2000,4,NA,4739.544512,"Bering Sea Slope Survey, All Subareas, Depth Range 700-900 m",839
"BS",2000,5,NA,4213.584976,"Bering Sea Slope Survey, All Subareas, Depth Range 900-1100 m",840
"BS",1993,10,NA,77871.19482419,"<50 m in SE section- INNER DOMAIN",841
"BS",1993,20,NA,41027.07031248,"<50 m in NW section- INNER DOMAIN",842
"BS",1993,31,NA,94526.05700702,"50-100m in SE section, low density - MIDDLE DOMAIN",843
"BS",1993,32,NA,8774.1702881,"50-100m in SE section, high density, pribilofs - MIDDLE DOMAIN",844
"BS",2010,71,NA,82594,"<50 m, Norton Sound and N of St. Lawrence Island to Bering Strait",862
"BS",2010,41,NA,62703.46301286,"50-100m in NW section, low density, - MIDDLE DOMAIN",863
"BS",2010,42,NA,24011.08752429,"50-100m in NW section, high density, pribilofs - MIDDLE DOMAIN",864
"BS",2010,43,NA,21107.69689932,"50-100m in NW section, high density, St.Matthew - MIDDLE DOMAIN",865
"BS",2010,50,NA,38792.43627929,"100-200 m, SE section - OUTER DOMAIN",866
"BS",2010,61,NA,88133.71459981,"100-200 m, NW section, low density - OUTER DOMAIN",867
"BS",2010,62,NA,6428.61376953,"100-200 m, NW section, high density, St. Matthew - OUTER DOMAIN",868
"BS",2010,70,NA,79261,"<50 m , N of standard area, N to St.Lawrence Is.",869
"BS",2010,81,NA,38352,">50 m, N of standard area, between 50 m and convention line,
N to St Lawrence",870
"BS",2010,82,NA,17954,">50 m, N of standard area, between stratum 81 and convention
line and stratum 90",871
"BS",2010,90,NA,11567.95970497,"> 100 m,  N of standard area, between 100 m and convention line",872
"BS",2010,100,NA,7784.67784071,"200-500 m South of 56.16",873
"BS",2010,110,NA,5646.43590022,"200-500 m North of 56.16",874
"BS",2010,120,NA,4392.16391019,"500-800 m South of 56.16",875
"BS",2010,130,NA,3310.929205,"500-800 m North of 56.16",876
"BS",2010,10,NA,77871.19482419,"<50 m in SE section- INNER DOMAIN",877
"BS",2010,20,NA,41027.07031248,"<50 m in NW section- INNER DOMAIN",878
"BS",2010,31,NA,94526.05700702,"50-100m in SE section, low density - MIDDLE DOMAIN",879
"BS",2010,32,NA,8774.1702881,"50-100m in SE section, high density, pribilofs - MIDDLE DOMAIN",880
"BS",2019,71,NA,81245,"<50 m, Norton Sound and N of St. Lawrence Island to Bering Strait. Omits AA-10",881
"BS",2019,41,NA,62703.46301286,"50-100m in NW section, low density, - MIDDLE DOMAIN",882
"BS",2019,42,NA,24011.08752429,"50-100m in NW section, high density, pribilofs - MIDDLE DOMAIN",883
"BS",2019,43,NA,21107.69689932,"50-100m in NW section, high density, St.Matthew - MIDDLE DOMAIN",884
"BS",2019,50,NA,38792.43627929,"100-200 m, SE section - OUTER DOMAIN",885
"BS",2019,61,NA,88133.71459981,"100-200 m, NW section, low density - OUTER DOMAIN",886
"BS",2019,62,NA,6428.61376953,"100-200 m, NW section, high density, St. Matthew - OUTER DOMAIN",887
"BS",2019,70,NA,79261,"<50 m , N of standard area, N to St.Lawrence Is.",888
"BS",2019,81,NA,38352,">50 m, N of standard area, between 50 m and convention line,
N to St Lawrence",889
"BS",2019,82,NA,17954,">50 m, N of standard area, between stratum 81 and convention
line and stratum 90",890
"BS",2019,90,NA,11567.95970497,"> 100 m,  N of standard area, between 100 m and convention line",891
"BS",2019,100,NA,7784.67784071,"200-500 m South of 56.16",892
"BS",2019,110,NA,5646.43590022,"200-500 m North of 56.16",893
"BS",2019,120,NA,4392.16391019,"500-800 m South of 56.16",894
"BS",2019,130,NA,3310.929205,"500-800 m North of 56.16",895
"BS",2019,10,NA,77871.19482419,"<50 m in SE section- INNER DOMAIN",896
"BS",2019,20,NA,41027.07031248,"<50 m in NW section- INNER DOMAIN",897
"BS",2019,31,NA,94526.05700702,"50-100m in SE section, low density - MIDDLE DOMAIN",898
"BS",2019,32,NA,8774.1702881,"50-100m in SE section, high density, pribilofs - MIDDLE DOMAIN",899
"BS",2022,10,NA,78705.67353817,"<50 m in SE section- INNER DOMAIN",922
"BS",2022,20,NA,41193.2227806,"<50 m in NW section- INNER DOMAIN",923
"BS",2022,31,NA,94978.48667456,"50-100m in SE section, low density - MIDDLE DOMAIN",924
"BS",2022,32,NA,8846.72925566,"50-100m in SE section, high density, pribilofs - MIDDLE DOMAIN",925
"BS",2022,41,NA,62310.01605802,"50-100m in NW section, low density, - MIDDLE DOMAIN",926
"BS",2022,42,NA,24122.11950113,"50-100m in NW section, high density, pribilofs - MIDDLE DOMAIN",927
"BS",2022,43,NA,21063.67148507,"50-100m in NW section, high density, St.Matthew - MIDDLE DOMAIN",928
"BS",2022,50,NA,38038.89283787,"100-200 m, SE section - OUTER DOMAIN",929
"BS",2022,61,NA,87776.9230602,"100-200 m, NW section, low density - OUTER DOMAIN",930
"BS",2022,62,NA,6461.50545565,"100-200 m, NW section, high density, St. Matthew - OUTER DOMAIN",931
"BS",2022,70,NA,79259.88916931,"<50 m , N of standard area, N to St.Lawrence Is.",932
"BS",2022,71,NA,81255.02523056,"<50 m, Norton Sound and N of St. Lawrence Island to Bering Strait. Omits AA-10",933
"BS",2022,81,NA,38351.89039475,">50 m, N of standard area, between 50 m and convention line, N to St Lawrence",934
"BS",2022,82,NA,17953.63974961,">50 m, N of standard area, between stratum 81 and convention line and stratum 90",935
"BS",2022,90,NA,11539.04046741,"> 100 m,  N of standard area, between 100 m and convention line",936
"BS",2022,100,NA,7784.67784071,"200-500 m South of 56.16",937
"BS",2022,110,NA,5646.43590022,"200-500 m North of 56.16",938
"BS",2022,120,NA,4392.16391019,"500-800 m South of 56.16",939
"BS",2022,130,NA,3310.929205,"500-800 m North of 56.16",940
