"year","model","stratum_bin","species_name","lbin","strat_bio_t_km2","area","bio_tons"
1984,"EGOA","Southeastern_gully","Pacific_cod","[0,20)",0,2344.327,0
1984,"EGOA","Southeastern_gully","Pacific_cod","[60,85)",6.72529816886436e-08,2344.327,0.000157662980803193
1984,"EGOA","Southeastern_shelf","Pacific_cod","[0,20)",0,17630.551,0
1984,"EGOA","Southeastern_shelf","Pacific_cod","[20,30)",6.38702048780559e-09,17630.551,0.000112606690448301
1984,"EGOA","Southeastern_shelf","Pacific_cod","[30,60)",1.23268914934469e-07,17630.551,0.00217329889146682
1984,"EGOA","Southeastern_shelf","Pacific_cod","[60,85)",2.26383811098741e-07,17630.551,0.00399127132715071
1984,"EGOA","Southeastern_slope","Pacific_cod","[0,20)",0,8064.787,0
1984,"EGOA","Southeastern_slope","Pacific_cod","[20,30)",3.3116391867743e-09,8064.787,2.6707664662188e-05
1984,"EGOA","Southeastern_slope","Pacific_cod","[30,60)",1.03047186077293e-07,8064.787,0.000831053606662734
1984,"EGOA","Southeastern_slope","Pacific_cod","[60,85)",1.43678308958625e-07,8064.787,0.0011587349582715
1984,"EGOA","Yakutat_gully","Pacific_cod","[0,20)",3.32198958608123e-11,4149.899,1.37859212612889e-07
1984,"EGOA","Yakutat_gully","Pacific_cod","[30,60)",8.81689487766753e-08,4149.899,0.000365892232359376
1984,"EGOA","Yakutat_gully","Pacific_cod","[60,85)",1.08440743565718e-07,4149.899,0.000450018133282629
1984,"EGOA","Yakutat_shelf","Pacific_cod","[0,20)",0,46043.042,0
1984,"EGOA","Yakutat_shelf","Pacific_cod","[20,30)",2.90633856658503e-09,46043.042,0.000133816668687494
1984,"EGOA","Yakutat_shelf","Pacific_cod","[30,60)",2.33179639421305e-07,46043.042,0.01073629993142
1984,"EGOA","Yakutat_shelf","Pacific_cod","[60,85)",6.84360590609263e-07,46043.042,0.0315100434165671
1984,"EGOA","Yakutat_slope","Pacific_cod","[0,20)",0,7004.593,0
1984,"EGOA","Yakutat_slope","Pacific_cod","[30,60)",2.87317421212569e-07,7004.593,0.00201254159740361
1984,"EGOA","Yakutat_slope","Pacific_cod","[60,85)",2.31911167716862e-07,7004.593,0.00162444334201135
1987,"EGOA","Southeastern_gully","Pacific_cod","[0,20)",0,2344.327,0
1987,"EGOA","Southeastern_shelf","Pacific_cod","[0,20)",0,17630.551,0
1987,"EGOA","Southeastern_shelf","Pacific_cod","[30,60)",2.54674714606082e-07,17630.551,0.00449005554427297
1987,"EGOA","Southeastern_shelf","Pacific_cod","[60,85)",1.38114718407444e-06,17630.551,0.0243503858673308
1987,"EGOA","Southeastern_shelf","Pacific_cod","[85,999)",1.34538714952412e-07,17630.551,0.00237199167544297
1987,"EGOA","Southeastern_slope","Pacific_cod","[0,20)",0,8064.787,0
1987,"EGOA","Southeastern_slope","Pacific_cod","[30,60)",4.2623251739183e-08,8064.787,0.00034374744652389
1987,"EGOA","Southeastern_slope","Pacific_cod","[60,85)",4.7838446147017e-07,8064.787,0.00385806878586663
1987,"EGOA","Yakutat_gully","Pacific_cod","[0,20)",0,4149.899,0
1987,"EGOA","Yakutat_gully","Pacific_cod","[30,60)",1.75556418144111e-07,4149.899,0.00072854140409983
1987,"EGOA","Yakutat_gully","Pacific_cod","[60,85)",1.41536629494179e-06,4149.899,0.00587362717201263
1987,"EGOA","Yakutat_gully","Pacific_cod","[85,999)",1.05974988594006e-07,4149.899,0.000439785499191279
1987,"EGOA","Yakutat_shelf","Pacific_cod","[0,20)",0,46043.042,0
1987,"EGOA","Yakutat_shelf","Pacific_cod","[30,60)",4.9754751607173e-06,46043.042,0.229086011794864
1987,"EGOA","Yakutat_shelf","Pacific_cod","[60,85)",7.96765886759977e-06,46043.042,0.366855251882569
1987,"EGOA","Yakutat_slope","Pacific_cod","[0,20)",0,7004.593,0
1990,"EGOA","Southeastern_gully","Pacific_cod","[0,20)",0,2344.327,0
1990,"EGOA","Southeastern_shelf","Pacific_cod","[0,20)",0,17630.551,0
1990,"EGOA","Southeastern_shelf","Pacific_cod","[30,60)",4.33127457832669e-07,17630.551,0.00763627573481922
1990,"EGOA","Southeastern_shelf","Pacific_cod","[60,85)",6.38646274064167e-07,17630.551,0.0112596857058483
1990,"EGOA","Southeastern_slope","Pacific_cod","[0,20)",0,8064.787,0
1990,"EGOA","Southeastern_slope","Pacific_cod","[30,60)",4.85744720169089e-07,8064.787,0.00391742770453831
1990,"EGOA","Southeastern_slope","Pacific_cod","[60,85)",1.55402295112276e-06,8064.787,0.0125328640939165
1990,"EGOA","Yakutat_gully","Pacific_cod","[0,20)",0,4149.899,0
1990,"EGOA","Yakutat_shelf","Pacific_cod","[0,20)",0,46043.042,0
1990,"EGOA","Yakutat_shelf","Pacific_cod","[20,30)",4.02909472847675e-08,46043.042,0.00185511777805234
1990,"EGOA","Yakutat_shelf","Pacific_cod","[30,60)",2.37558752904093e-07,46043.042,0.0109379276374308
1990,"EGOA","Yakutat_shelf","Pacific_cod","[60,85)",4.01354068022255e-07,46043.042,0.0184795622108196
1990,"EGOA","Yakutat_shelf","Pacific_cod","[85,999)",1.61767551992389e-07,46043.042,0.00744827019062273
1990,"EGOA","Yakutat_slope","Pacific_cod","[0,20)",0,7004.593,0
1993,"EGOA","Southeastern_gully","Pacific_cod","[0,20)",0,2344.327,0
1993,"EGOA","Southeastern_shelf","Pacific_cod","[0,20)",0,17630.551,0
1993,"EGOA","Southeastern_shelf","Pacific_cod","[30,60)",4.31285134432609e-07,17630.551,0.00760379455815598
1993,"EGOA","Southeastern_shelf","Pacific_cod","[60,85)",1.09186434144847e-06,17630.551,0.0192501699569887
1993,"EGOA","Southeastern_slope","Pacific_cod","[0,20)",0,8064.787,0
1993,"EGOA","Southeastern_slope","Pacific_cod","[30,60)",3.02529705854222e-07,8064.787,0.00243983763888696
1993,"EGOA","Southeastern_slope","Pacific_cod","[60,85)",9.36741895881012e-07,8064.787,0.00755462386425654
1993,"EGOA","Yakutat_gully","Pacific_cod","[0,20)",0,4149.899,0
1993,"EGOA","Yakutat_shelf","Pacific_cod","[0,20)",0,46043.042,0
1993,"EGOA","Yakutat_shelf","Pacific_cod","[30,60)",1.18633868545038e-07,46043.042,0.00546226419204167
1993,"EGOA","Yakutat_shelf","Pacific_cod","[60,85)",5.28392798162149e-07,46043.042,0.0243288117982773
1993,"EGOA","Yakutat_slope","Pacific_cod","[0,20)",0,7004.593,0
1996,"EGOA","Southeastern_gully","Pacific_cod","[0,20)",0,2344.327,0
1996,"EGOA","Southeastern_shelf","Pacific_cod","[0,20)",1.5868144183986e-11,17630.551,2.79764125311118e-07
1996,"EGOA","Southeastern_shelf","Pacific_cod","[20,30)",1.33335129423774e-08,17630.551,0.000235077179939746
1996,"EGOA","Southeastern_shelf","Pacific_cod","[30,60)",3.00752936642946e-07,17630.551,0.00530243998788322
1996,"EGOA","Southeastern_shelf","Pacific_cod","[60,85)",3.42972350808578e-07,17630.551,0.00604679152252053
1996,"EGOA","Southeastern_shelf","Pacific_cod","[85,999)",2.5835822215675e-07,17630.551,0.00455499781200391
1996,"EGOA","Southeastern_slope","Pacific_cod","[0,20)",0,8064.787,0
1996,"EGOA","Southeastern_slope","Pacific_cod","[30,60)",7.37550909896048e-08,8064.787,0.000594819098996782
1996,"EGOA","Southeastern_slope","Pacific_cod","[60,85)",1.97429303127592e-07,8064.787,0.00159222527728246
1996,"EGOA","Yakutat_gully","Pacific_cod","[0,20)",0,4149.899,0
1996,"EGOA","Yakutat_shelf","Pacific_cod","[0,20)",0,46043.042,0
1996,"EGOA","Yakutat_shelf","Pacific_cod","[20,30)",4.63551230293884e-09,46043.042,0.00021343308765573
1996,"EGOA","Yakutat_shelf","Pacific_cod","[30,60)",3.64978447935196e-08,46043.042,0.00168047180073751
1996,"EGOA","Yakutat_shelf","Pacific_cod","[60,85)",2.06673164711194e-07,46043.042,0.00951586120307044
1996,"EGOA","Yakutat_slope","Pacific_cod","[0,20)",0,7004.593,0
1996,"EGOA","Yakutat_slope","Pacific_cod","[30,60)",5.9296584976931e-08,7004.593,0.000415348444053316
1996,"EGOA","Yakutat_slope","Pacific_cod","[60,85)",1.61615772816453e-07,7004.593,0.00113205271095972
1999,"EGOA","Southeastern_gully","Pacific_cod","[0,20)",0,2344.327,0
1999,"EGOA","Southeastern_gully","Pacific_cod","[60,85)",6.77463298724136e-08,2344.327,0.000158819550270806
1999,"EGOA","Southeastern_shelf","Pacific_cod","[0,20)",1.48975810142837e-10,17630.551,2.6265256184896e-06
1999,"EGOA","Southeastern_shelf","Pacific_cod","[20,30)",1.24969175069316e-08,17630.551,0.00022032754144875
1999,"EGOA","Southeastern_shelf","Pacific_cod","[30,60)",3.46421525602824e-07,17630.551,0.0061076023746384
1999,"EGOA","Southeastern_shelf","Pacific_cod","[60,85)",5.75713964224734e-07,17630.551,0.0101501544076763
1999,"EGOA","Southeastern_slope","Pacific_cod","[0,20)",0,8064.787,0
1999,"EGOA","Southeastern_slope","Pacific_cod","[30,60)",1.00382644664919e-07,8064.787,0.000809564647719258
1999,"EGOA","Southeastern_slope","Pacific_cod","[60,85)",1.62418277889162e-07,8064.787,0.0013098688160829
1999,"EGOA","Yakutat_gully","Pacific_cod","[0,20)",0,4149.899,0
1999,"EGOA","Yakutat_shelf","Pacific_cod","[0,20)",0,46043.042,0
1999,"EGOA","Yakutat_shelf","Pacific_cod","[30,60)",2.50995316974815e-07,46043.042,0.0115565879212747
1999,"EGOA","Yakutat_shelf","Pacific_cod","[60,85)",4.6586858249459e-07,46043.042,0.0214500067102789
1999,"EGOA","Yakutat_slope","Pacific_cod","[0,20)",0,7004.593,0
1999,"EGOA","Yakutat_slope","Pacific_cod","[60,85)",6.58125466508954e-08,7004.593,0.000460990103583035
2003,"EGOA","Southeastern_gully","Pacific_cod","[0,20)",0,2344.327,0
2003,"EGOA","Southeastern_shelf","Pacific_cod","[0,20)",1.55428085512726e-10,17630.551,2.74028278846448e-06
2003,"EGOA","Southeastern_shelf","Pacific_cod","[20,30)",1.35159736671291e-08,17630.551,0.000238294063052976
2003,"EGOA","Southeastern_shelf","Pacific_cod","[30,60)",3.85739354036294e-07,17630.551,0.00680079735404394
2003,"EGOA","Southeastern_shelf","Pacific_cod","[60,85)",4.11932530984706e-07,17630.551,0.00726259749608494
2003,"EGOA","Southeastern_slope","Pacific_cod","[0,20)",0,8064.787,0
2003,"EGOA","Southeastern_slope","Pacific_cod","[20,30)",6.56947015161204e-09,8064.787,5.29813774756088e-05
2003,"EGOA","Southeastern_slope","Pacific_cod","[30,60)",4.41467724342289e-07,8064.787,0.00356034316419528
2003,"EGOA","Southeastern_slope","Pacific_cod","[60,85)",3.51833131741999e-07,8064.787,0.00283745926704216
2003,"EGOA","Yakutat_gully","Pacific_cod","[0,20)",0,4149.899,0
2003,"EGOA","Yakutat_shelf","Pacific_cod","[0,20)",0,46043.042,0
2003,"EGOA","Yakutat_shelf","Pacific_cod","[20,30)",1.73142174056476e-08,46043.042,0.000797199239205365
2003,"EGOA","Yakutat_shelf","Pacific_cod","[30,60)",5.61627125692838e-08,46043.042,0.00258590213366146
2003,"EGOA","Yakutat_shelf","Pacific_cod","[60,85)",3.03618412973044e-07,46043.042,0.0139795153404912
2003,"EGOA","Yakutat_slope","Pacific_cod","[0,20)",0,7004.593,0
2003,"EGOA","Yakutat_slope","Pacific_cod","[30,60)",3.53832491010614e-07,7004.593,0.00247845258970551
2003,"EGOA","Yakutat_slope","Pacific_cod","[60,85)",1.47919743818615e-07,7004.593,0.00103611760211367
2003,"EGOA","Yakutat_slope","Pacific_cod","[85,999)",2.10628880565268e-07,7004.593,0.00147536958240531
2005,"EGOA","Southeastern_gully","Pacific_cod","[0,20)",0,2344.327,0
2005,"EGOA","Southeastern_shelf","Pacific_cod","[0,20)",1.18541362899153e-10,17630.551,2.08994954420302e-06
2005,"EGOA","Southeastern_shelf","Pacific_cod","[20,30)",2.932816317508e-08,17630.551,0.000517071676594569
2005,"EGOA","Southeastern_shelf","Pacific_cod","[30,60)",4.07494750949272e-07,17630.551,0.00718435698884343
2005,"EGOA","Southeastern_shelf","Pacific_cod","[60,85)",2.93035600967997e-07,17630.551,0.00516637910768192
2005,"EGOA","Southeastern_slope","Pacific_cod","[0,20)",0,8064.787,0
2005,"EGOA","Southeastern_slope","Pacific_cod","[20,30)",2.51202178698328e-09,8064.787,2.02589206513795e-05
2005,"EGOA","Southeastern_slope","Pacific_cod","[30,60)",4.75011469036447e-07,8064.787,0.00383086632033604
2005,"EGOA","Southeastern_slope","Pacific_cod","[60,85)",3.34556681239595e-07,8064.787,0.00269812837362423
2005,"EGOA","Yakutat_gully","Pacific_cod","[0,20)",0,4149.899,0
2005,"EGOA","Yakutat_shelf","Pacific_cod","[0,20)",0,46043.042,0
2005,"EGOA","Yakutat_shelf","Pacific_cod","[20,30)",4.44607371405672e-09,46043.042,0.00020471075875141
2005,"EGOA","Yakutat_shelf","Pacific_cod","[30,60)",1.01036181314468e-07,46043.042,0.00465201313978166
2005,"EGOA","Yakutat_shelf","Pacific_cod","[60,85)",2.97469374376512e-07,46043.042,0.0136963948981315
2005,"EGOA","Yakutat_slope","Pacific_cod","[0,20)",0,7004.593,0
2007,"EGOA","Southeastern_gully","Pacific_cod","[0,20)",0,2344.327,0
2007,"EGOA","Southeastern_shelf","Pacific_cod","[0,20)",2.90727038251307e-10,17630.551,5.12567787496863e-06
2007,"EGOA","Southeastern_shelf","Pacific_cod","[20,30)",2.55086265579152e-08,17630.551,0.000449731141469278
2007,"EGOA","Southeastern_shelf","Pacific_cod","[30,60)",1.92988129243419e-07,17630.551,0.00340248705502068
2007,"EGOA","Southeastern_shelf","Pacific_cod","[60,85)",2.70653384532821e-07,17630.551,0.00477176829932852
2007,"EGOA","Southeastern_slope","Pacific_cod","[0,20)",0,8064.787,0
2007,"EGOA","Southeastern_slope","Pacific_cod","[30,60)",3.408731257514e-07,8064.787,0.00274906915320926
2007,"EGOA","Southeastern_slope","Pacific_cod","[60,85)",2.63598315840374e-07,8064.787,0.00212586427081134
2007,"EGOA","Yakutat_gully","Pacific_cod","[0,20)",0,4149.899,0
2007,"EGOA","Yakutat_shelf","Pacific_cod","[0,20)",0,46043.042,0
2007,"EGOA","Yakutat_shelf","Pacific_cod","[20,30)",8.80144429438346e-09,46043.042,0.000405245269306958
2007,"EGOA","Yakutat_shelf","Pacific_cod","[30,60)",3.9157115620353e-08,46043.042,0.00180291271910677
2007,"EGOA","Yakutat_shelf","Pacific_cod","[60,85)",1.66694543815477e-07,46043.042,0.00767512388206683
2007,"EGOA","Yakutat_slope","Pacific_cod","[0,20)",0,7004.593,0
2009,"EGOA","Southeastern_gully","Pacific_cod","[0,20)",0,2344.327,0
2009,"EGOA","Southeastern_gully","Pacific_cod","[60,85)",6.60937851157959e-08,2344.327,0.000154945444979159
2009,"EGOA","Southeastern_shelf","Pacific_cod","[0,20)",1.02277272841954e-10,17630.551,1.80320467498099e-06
2009,"EGOA","Southeastern_shelf","Pacific_cod","[20,30)",1.24257616673556e-08,17630.551,0.000219073024790159
2009,"EGOA","Southeastern_shelf","Pacific_cod","[30,60)",1.51582572019364e-07,17630.551,0.00267248426669856
2009,"EGOA","Southeastern_shelf","Pacific_cod","[60,85)",1.97480045440383e-07,17630.551,0.003481682012619
2009,"EGOA","Southeastern_slope","Pacific_cod","[0,20)",0,8064.787,0
2009,"EGOA","Southeastern_slope","Pacific_cod","[30,60)",7.41201215428212e-08,8064.787,0.000597762992656965
2009,"EGOA","Southeastern_slope","Pacific_cod","[60,85)",1.00574707101915e-07,8064.787,0.00081111359036433
2009,"EGOA","Yakutat_gully","Pacific_cod","[0,20)",0,4149.899,0
2009,"EGOA","Yakutat_shelf","Pacific_cod","[0,20)",0,46043.042,0
2009,"EGOA","Yakutat_shelf","Pacific_cod","[20,30)",7.97249287827727e-09,46043.042,0.000367077824439221
2009,"EGOA","Yakutat_shelf","Pacific_cod","[30,60)",1.53653008834115e-07,46043.042,0.00707465193917552
2009,"EGOA","Yakutat_shelf","Pacific_cod","[60,85)",3.85571027151318e-07,46043.042,0.0177528629971113
2009,"EGOA","Yakutat_shelf","Pacific_cod","[85,999)",1.92232139211305e-07,46043.042,0.00885095245945595
2009,"EGOA","Yakutat_slope","Pacific_cod","[0,20)",0,7004.593,0
2009,"EGOA","Yakutat_slope","Pacific_cod","[30,60)",4.35443303134014e-07,7004.593,0.00305010311302939
2009,"EGOA","Yakutat_slope","Pacific_cod","[60,85)",4.82107399552136e-07,7004.593,0.0033769661161511
2011,"EGOA","Southeastern_gully","Pacific_cod","[0,20)",0,2344.327,0
2011,"EGOA","Southeastern_shelf","Pacific_cod","[0,20)",1.21385986396911e-11,17630.551,2.14010182385604e-07
2011,"EGOA","Southeastern_shelf","Pacific_cod","[20,30)",2.65387681435719e-08,17630.551,0.000467893105232421
2011,"EGOA","Southeastern_shelf","Pacific_cod","[30,60)",3.84147001518879e-07,17630.551,0.00677272330177567
2011,"EGOA","Southeastern_shelf","Pacific_cod","[60,85)",2.53913871077937e-07,17630.551,0.00447664145364699
2011,"EGOA","Southeastern_slope","Pacific_cod","[0,20)",0,8064.787,0
2011,"EGOA","Southeastern_slope","Pacific_cod","[30,60)",1.67953552435428e-07,8064.787,0.00135450962628506
2011,"EGOA","Southeastern_slope","Pacific_cod","[60,85)",2.10226409037842e-07,8064.787,0.00169543121066507
2011,"EGOA","Yakutat_gully","Pacific_cod","[0,20)",0,4149.899,0
2011,"EGOA","Yakutat_shelf","Pacific_cod","[0,20)",0,46043.042,0
2011,"EGOA","Yakutat_shelf","Pacific_cod","[20,30)",5.8669083148211e-09,46043.042,0.000270130305949457
2011,"EGOA","Yakutat_shelf","Pacific_cod","[30,60)",6.04366304991853e-08,46043.042,0.00278268631641247
2011,"EGOA","Yakutat_shelf","Pacific_cod","[60,85)",2.90311331940487e-07,46043.042,0.0133668168496118
2011,"EGOA","Yakutat_slope","Pacific_cod","[0,20)",0,7004.593,0
2011,"EGOA","Yakutat_slope","Pacific_cod","[30,60)",8.9452733756388e-08,7004.593,0.000626579992700859
2011,"EGOA","Yakutat_slope","Pacific_cod","[60,85)",8.18939955462099e-08,7004.593,0.000573634107945013
2013,"EGOA","Southeastern_gully","Pacific_cod","[0,20)",0,2344.327,0
2013,"EGOA","Southeastern_shelf","Pacific_cod","[0,20)",6.48815314288793e-10,17630.551,1.14389714881496e-05
2013,"EGOA","Southeastern_shelf","Pacific_cod","[20,30)",1.53970356589459e-08,17630.551,0.000271458222433864
2013,"EGOA","Southeastern_shelf","Pacific_cod","[30,60)",1.93816933289607e-07,17630.551,0.00341709932702602
2013,"EGOA","Southeastern_shelf","Pacific_cod","[60,85)",2.34381159059801e-07,17630.551,0.00413226897824294
2013,"EGOA","Southeastern_slope","Pacific_cod","[0,20)",0,8064.787,0
2013,"EGOA","Southeastern_slope","Pacific_cod","[20,30)",4.22524454182609e-08,8064.787,0.0003407569725274
2013,"EGOA","Southeastern_slope","Pacific_cod","[30,60)",1.35394310489948e-07,8064.787,0.0010919262751133
2013,"EGOA","Southeastern_slope","Pacific_cod","[60,85)",1.20871860321016e-07,8064.787,0.000974805807782743
2013,"EGOA","Yakutat_gully","Pacific_cod","[0,20)",0,4149.899,0
2013,"EGOA","Yakutat_gully","Pacific_cod","[60,85)",2.38670768883406e-07,4149.899,0.00099045958511848
2013,"EGOA","Yakutat_shelf","Pacific_cod","[0,20)",0,46043.042,0
2013,"EGOA","Yakutat_shelf","Pacific_cod","[20,30)",9.5819801315882e-09,46043.042,0.000441183513641881
2013,"EGOA","Yakutat_shelf","Pacific_cod","[30,60)",6.52364657246111e-08,46043.042,0.00300368533128983
2013,"EGOA","Yakutat_shelf","Pacific_cod","[60,85)",2.23478245581479e-07,46043.042,0.0102896182473944
2013,"EGOA","Yakutat_shelf","Pacific_cod","[85,999)",1.93902378921318e-07,46043.042,0.00892785537657417
2013,"EGOA","Yakutat_slope","Pacific_cod","[0,20)",0,7004.593,0
2013,"EGOA","Yakutat_slope","Pacific_cod","[30,60)",1.31344583177922e-07,7004.593,0.000920015347915988
2013,"EGOA","Yakutat_slope","Pacific_cod","[60,85)",8.47792491289934e-07,7004.593,0.00593844134994203
2015,"EGOA","Southeastern_gully","Pacific_cod","[0,20)",0,2344.327,0
2015,"EGOA","Southeastern_shelf","Pacific_cod","[0,20)",1.57332591817303e-09,17630.551,2.77386028399715e-05
2015,"EGOA","Southeastern_shelf","Pacific_cod","[20,30)",2.61429633708862e-08,17630.551,0.000460914849001541
2015,"EGOA","Southeastern_shelf","Pacific_cod","[30,60)",2.70931974504209e-07,17630.551,0.00477667999402716
2015,"EGOA","Southeastern_shelf","Pacific_cod","[60,85)",1.90165060804381e-07,17630.551,0.00335271480292974
2015,"EGOA","Southeastern_slope","Pacific_cod","[0,20)",0,8064.787,0
2015,"EGOA","Southeastern_slope","Pacific_cod","[30,60)",4.49197936853666e-07,8064.787,0.00362268568156426
2015,"EGOA","Southeastern_slope","Pacific_cod","[60,85)",1.15784878554018e-07,8064.787,0.000933780383359024
2015,"EGOA","Yakutat_gully","Pacific_cod","[0,20)",0,4149.899,0
2015,"EGOA","Yakutat_gully","Pacific_cod","[30,60)",5.20704220998019e-08,4149.899,0.000216086992601546
2015,"EGOA","Yakutat_gully","Pacific_cod","[60,85)",6.89759053217924e-08,4149.899,0.000286243040519001
2015,"EGOA","Yakutat_shelf","Pacific_cod","[0,20)",0,46043.042,0
2015,"EGOA","Yakutat_shelf","Pacific_cod","[20,30)",5.96724582324812e-09,46043.042,0.000274750150064138
2015,"EGOA","Yakutat_shelf","Pacific_cod","[30,60)",2.07308640612666e-07,46043.042,0.0095451204466919
2015,"EGOA","Yakutat_shelf","Pacific_cod","[60,85)",4.27211912850161e-07,46043.042,0.0196701360462603
2015,"EGOA","Yakutat_shelf","Pacific_cod","[85,999)",6.82015144014063e-07,46043.042,0.0314020519204755
2015,"EGOA","Yakutat_slope","Pacific_cod","[0,20)",0,7004.593,0
2015,"EGOA","Yakutat_slope","Pacific_cod","[30,60)",3.04829089730844e-07,7004.593,0.00213520370812504
2015,"EGOA","Yakutat_slope","Pacific_cod","[60,85)",2.6621758749916e-07,7004.593,0.00186474584987351
2017,"EGOA","Southeastern_gully","Pacific_cod","[0,20)",0,2344.327,0
2017,"EGOA","Southeastern_shelf","Pacific_cod","[0,20)",0,17630.551,0
2017,"EGOA","Southeastern_shelf","Pacific_cod","[20,30)",1.76988414557447e-08,17630.551,0.000312040326926421
2017,"EGOA","Southeastern_shelf","Pacific_cod","[30,60)",2.18684239587477e-07,17630.551,0.00385552363894323
2017,"EGOA","Southeastern_shelf","Pacific_cod","[60,85)",2.34705225233628e-07,17630.551,0.00413798244344797
2017,"EGOA","Southeastern_slope","Pacific_cod","[0,20)",0,8064.787,0
2017,"EGOA","Southeastern_slope","Pacific_cod","[30,60)",1.45191522548403e-07,8064.787,0.00117093870355857
2017,"EGOA","Southeastern_slope","Pacific_cod","[60,85)",2.01377343786286e-07,8064.787,0.00162406538426217
2017,"EGOA","Yakutat_gully","Pacific_cod","[0,20)",0,4149.899,0
2017,"EGOA","Yakutat_shelf","Pacific_cod","[0,20)",0,46043.042,0
2017,"EGOA","Yakutat_shelf","Pacific_cod","[30,60)",4.91042583820528e-08,46043.042,0.00226090943106371
2017,"EGOA","Yakutat_shelf","Pacific_cod","[60,85)",2.31763334586519e-07,46043.042,0.0106710889484271
2017,"EGOA","Yakutat_slope","Pacific_cod","[0,20)",0,7004.593,0
2017,"EGOA","Yakutat_slope","Pacific_cod","[60,85)",6.14229240879313e-08,7004.593,0.000430242584105855
2019,"EGOA","Southeastern_gully","Pacific_cod","[0,20)",0,2344.327,0
2019,"EGOA","Southeastern_shelf","Pacific_cod","[0,20)",9.33339102707664e-10,17630.551,1.64552826505817e-05
2019,"EGOA","Southeastern_shelf","Pacific_cod","[20,30)",2.51683671114224e-08,17630.551,0.000443732179944656
2019,"EGOA","Southeastern_shelf","Pacific_cod","[30,60)",1.20479520072016e-07,17630.551,0.00212412032308521
2019,"EGOA","Southeastern_shelf","Pacific_cod","[60,85)",2.86028233597154e-07,17630.551,0.00504283535987454
2019,"EGOA","Southeastern_slope","Pacific_cod","[0,20)",0,8064.787,0
2019,"EGOA","Southeastern_slope","Pacific_cod","[30,60)",1.9814196691845e-07,8064.787,0.00159797275895834
2019,"EGOA","Southeastern_slope","Pacific_cod","[60,85)",3.68035578394906e-07,8064.787,0.00296812854817672
2019,"EGOA","Yakutat_gully","Pacific_cod","[0,20)",0,4149.899,0
2019,"EGOA","Yakutat_gully","Pacific_cod","[30,60)",7.4968915015198e-08,4149.899,0.000311113425452655
2019,"EGOA","Yakutat_shelf","Pacific_cod","[0,20)",8.60724746689224e-11,46043.042,3.96303856622513e-06
2019,"EGOA","Yakutat_shelf","Pacific_cod","[20,30)",2.98916133330892e-08,46043.042,0.00137630080814319
2019,"EGOA","Yakutat_shelf","Pacific_cod","[30,60)",1.07514314106167e-07,46043.042,0.00495028607999146
2019,"EGOA","Yakutat_shelf","Pacific_cod","[60,85)",2.82668142299133e-07,46043.042,0.013014901147941
2019,"EGOA","Yakutat_slope","Pacific_cod","[0,20)",9.1391897633272e-12,7004.593,6.40163046418734e-08
2019,"EGOA","Yakutat_slope","Pacific_cod","[30,60)",4.73109905380552e-07,7004.593,0.00331394233145927
2021,"EGOA","Southeastern_gully","Pacific_cod","[0,20)",0,2344.327,0
2021,"EGOA","Southeastern_shelf","Pacific_cod","[0,20)",0,17630.551,0
2021,"EGOA","Southeastern_shelf","Pacific_cod","[20,30)",9.34758354830346e-09,17630.551,0.000164803048475125
2021,"EGOA","Southeastern_shelf","Pacific_cod","[30,60)",3.54400031623671e-07,17630.551,0.00624826783194275
2021,"EGOA","Southeastern_shelf","Pacific_cod","[60,85)",5.73251077045896e-07,17630.551,0.0101067323496626
2021,"EGOA","Southeastern_slope","Pacific_cod","[0,20)",0,8064.787,0
2021,"EGOA","Southeastern_slope","Pacific_cod","[20,30)",6.85400679123082e-09,8064.787,5.527610486783e-05
2021,"EGOA","Southeastern_slope","Pacific_cod","[30,60)",3.95713748289798e-07,8064.787,0.00319134709292883
2021,"EGOA","Southeastern_slope","Pacific_cod","[60,85)",2.86764094010332e-07,8064.787,0.00231269133744131
2021,"EGOA","Yakutat_gully","Pacific_cod","[0,20)",0,4149.899,0
2021,"EGOA","Yakutat_shelf","Pacific_cod","[0,20)",0,46043.042,0
2021,"EGOA","Yakutat_shelf","Pacific_cod","[20,30)",4.12112854505437e-08,46043.042,0.00189749294687337
2021,"EGOA","Yakutat_shelf","Pacific_cod","[30,60)",2.01318676657054e-07,46043.042,0.00926932428470516
2021,"EGOA","Yakutat_shelf","Pacific_cod","[60,85)",4.2297579470172e-07,46043.042,0.0194750922804347
2021,"EGOA","Yakutat_slope","Pacific_cod","[0,20)",0,7004.593,0
2021,"EGOA","Yakutat_slope","Pacific_cod","[30,60)",5.47823903751975e-08,7004.593,0.000383728348145376
2021,"EGOA","Yakutat_slope","Pacific_cod","[60,85)",4.22822875803374e-07,7004.593,0.00296170215609218
1984,"EGOA","Southeastern_gully","Walleye_pollock","[0,20)",0,2344.327,0
1984,"EGOA","Southeastern_gully","Walleye_pollock","[40,55)",1.47476278641421e-07,2344.327,0.000345732621878606
1984,"EGOA","Southeastern_gully","Walleye_pollock","[55,999)",1.32903739726527e-07,2344.327,0.000311569825441869
1984,"EGOA","Southeastern_shelf","Walleye_pollock","[0,20)",2.50328164081354e-09,17630.551,4.41342346357268e-05
1984,"EGOA","Southeastern_shelf","Walleye_pollock","[20,40)",6.6618421081154e-08,17630.551,0.00117451947041076
1984,"EGOA","Southeastern_shelf","Walleye_pollock","[40,55)",5.96266815516847e-08,17630.551,0.00105125125005774
1984,"EGOA","Southeastern_shelf","Walleye_pollock","[55,999)",5.65449836109524e-08,17630.551,0.00099691921734706
1984,"EGOA","Southeastern_slope","Walleye_pollock","[0,20)",0,8064.787,0
1984,"EGOA","Southeastern_slope","Walleye_pollock","[20,40)",4.42599118105247e-08,8064.787,0.000356946761390666
1984,"EGOA","Southeastern_slope","Walleye_pollock","[40,55)",1.87152588911462e-07,8064.787,0.0015093457660695
1984,"EGOA","Southeastern_slope","Walleye_pollock","[55,999)",4.94042476447412e-08,8064.787,0.000398434734150089
1984,"EGOA","Yakutat_gully","Walleye_pollock","[0,20)",6.14058892915257e-09,4149.899,2.54828238565013e-05
1984,"EGOA","Yakutat_gully","Walleye_pollock","[20,40)",1.3505531319866e-07,4149.899,0.000560465909187805
1984,"EGOA","Yakutat_gully","Walleye_pollock","[40,55)",1.81816920909428e-07,4149.899,0.000754521858265112
1984,"EGOA","Yakutat_gully","Walleye_pollock","[55,999)",1.11591851967161e-07,4149.899,0.000463094914886668
1984,"EGOA","Yakutat_shelf","Walleye_pollock","[0,20)",3.58691529729427e-09,46043.042,0.000165152491683763
1984,"EGOA","Yakutat_shelf","Walleye_pollock","[20,40)",1.3763741863073e-08,46043.042,0.000633724544678629
1984,"EGOA","Yakutat_shelf","Walleye_pollock","[40,55)",1.52445623630927e-08,46043.042,0.000701906025155498
1984,"EGOA","Yakutat_shelf","Walleye_pollock","[55,999)",2.68201720988678e-08,46043.042,0.0012348823103954
1984,"EGOA","Yakutat_slope","Walleye_pollock","[0,20)",2.39009014331421e-09,7004.593,1.67416086872277e-05
1984,"EGOA","Yakutat_slope","Walleye_pollock","[20,40)",7.70600007914267e-08,7004.593,0.000539773942123622
1984,"EGOA","Yakutat_slope","Walleye_pollock","[40,55)",1.55795996828314e-07,7004.593,0.00109128754881163
1984,"EGOA","Yakutat_slope","Walleye_pollock","[55,999)",4.18520602745756e-08,7004.593,0.00029315664843487
1987,"EGOA","Southeastern_gully","Walleye_pollock","[0,20)",0,2344.327,0
1987,"EGOA","Southeastern_shelf","Walleye_pollock","[0,20)",8.21690002481484e-10,17630.551,1.44868474949399e-05
1987,"EGOA","Southeastern_shelf","Walleye_pollock","[20,40)",6.5646188751527e-07,17630.551,0.0115737847873942
1987,"EGOA","Southeastern_shelf","Walleye_pollock","[40,55)",5.69934540122071e-08,17630.551,0.00100482599762837
1987,"EGOA","Southeastern_shelf","Walleye_pollock","[55,999)",4.06469110997377e-08,17630.551,0.000716627439136392
1987,"EGOA","Southeastern_slope","Walleye_pollock","[0,20)",0,8064.787,0
1987,"EGOA","Southeastern_slope","Walleye_pollock","[20,40)",3.7180146644288e-07,8064.787,0.00299849963314947
1987,"EGOA","Southeastern_slope","Walleye_pollock","[40,55)",2.84395831148447e-07,8064.787,0.00229359180190019
1987,"EGOA","Yakutat_gully","Walleye_pollock","[0,20)",1.51721482305333e-10,4149.899,6.29628827697419e-07
1987,"EGOA","Yakutat_gully","Walleye_pollock","[20,40)",6.15551189529646e-07,4149.899,0.00255447526587789
1987,"EGOA","Yakutat_gully","Walleye_pollock","[40,55)",5.66482589896374e-07,4149.899,0.00235084553332837
1987,"EGOA","Yakutat_gully","Walleye_pollock","[55,999)",3.04174748871005e-07,4149.899,0.00126229448616503
1987,"EGOA","Yakutat_shelf","Walleye_pollock","[0,20)",6.43479725183828e-09,46043.042,0.000296277640127875
1987,"EGOA","Yakutat_shelf","Walleye_pollock","[20,40)",8.60694502292379e-07,46043.042,0.0396289931182171
1987,"EGOA","Yakutat_shelf","Walleye_pollock","[40,55)",4.98082345195639e-07,46043.042,0.0229332263393013
1987,"EGOA","Yakutat_shelf","Walleye_pollock","[55,999)",3.57916679334234e-07,46043.042,0.0164795726990867
1987,"EGOA","Yakutat_slope","Walleye_pollock","[0,20)",0,7004.593,0
1987,"EGOA","Yakutat_slope","Walleye_pollock","[20,40)",3.59123744465421e-08,7004.593,0.000251551566661628
1987,"EGOA","Yakutat_slope","Walleye_pollock","[40,55)",2.44934723453316e-06,7004.593,0.0171566804935803
1987,"EGOA","Yakutat_slope","Walleye_pollock","[55,999)",3.76087221298014e-07,7004.593,0.00263433791769352
1990,"EGOA","Southeastern_gully","Walleye_pollock","[0,20)",0,2344.327,0
1990,"EGOA","Southeastern_shelf","Walleye_pollock","[0,20)",2.02642549518234e-09,17630.551,3.57269980405125e-05
1990,"EGOA","Southeastern_shelf","Walleye_pollock","[20,40)",2.80196192107009e-07,17630.551,0.00494001325494841
1990,"EGOA","Southeastern_shelf","Walleye_pollock","[40,55)",1.82780989675938e-06,17630.551,0.0322252956031209
1990,"EGOA","Southeastern_shelf","Walleye_pollock","[55,999)",2.74005203755722e-07,17630.551,0.00483086271908065
1990,"EGOA","Southeastern_slope","Walleye_pollock","[0,20)",4.6184195156254e-11,8064.787,3.7246569670162e-07
1990,"EGOA","Southeastern_slope","Walleye_pollock","[20,40)",9.36336630771293e-08,8064.787,0.000755135548746813
1990,"EGOA","Southeastern_slope","Walleye_pollock","[40,55)",2.04746215451737e-06,8064.787,0.0165123461667437
1990,"EGOA","Southeastern_slope","Walleye_pollock","[55,999)",7.06448531911885e-07,8064.787,0.00569735693633206
1990,"EGOA","Yakutat_gully","Walleye_pollock","[0,20)",5.16780545975662e-10,4149.899,2.14458707096385e-06
1990,"EGOA","Yakutat_gully","Walleye_pollock","[20,40)",5.48779169752793e-08,4149.899,0.000227737812777794
1990,"EGOA","Yakutat_gully","Walleye_pollock","[40,55)",1.27713145404352e-06,4149.899,0.00529996654400375
1990,"EGOA","Yakutat_gully","Walleye_pollock","[55,999)",2.11484198526708e-07,4149.899,0.000877638063981788
1990,"EGOA","Yakutat_shelf","Walleye_pollock","[0,20)",1.04015072837974e-08,46043.042,0.000478917036731189
1990,"EGOA","Yakutat_shelf","Walleye_pollock","[20,40)",2.82379945971992e-07,46043.042,0.0130016317123461
1990,"EGOA","Yakutat_shelf","Walleye_pollock","[40,55)",1.02053456182637e-06,46043.042,0.046988515692623
1990,"EGOA","Yakutat_shelf","Walleye_pollock","[55,999)",1.85664630007411e-07,46043.042,0.00854856435734569
1990,"EGOA","Yakutat_slope","Walleye_pollock","[0,20)",0,7004.593,0
1990,"EGOA","Yakutat_slope","Walleye_pollock","[20,40)",8.04614170284329e-09,7004.593,5.63599478487442e-05
1990,"EGOA","Yakutat_slope","Walleye_pollock","[40,55)",1.89779254223671e-06,7004.593,0.0132932643568035
1990,"EGOA","Yakutat_slope","Walleye_pollock","[55,999)",2.03738264146259e-07,7004.593,0.00142710361887104
1993,"EGOA","Southeastern_gully","Walleye_pollock","[0,20)",0,2344.327,0
1993,"EGOA","Southeastern_shelf","Walleye_pollock","[0,20)",6.11196325474671e-09,17630.551,0.000107757279872938
1993,"EGOA","Southeastern_shelf","Walleye_pollock","[20,40)",7.20358127400047e-07,17630.551,0.012700310703391
1993,"EGOA","Southeastern_shelf","Walleye_pollock","[40,55)",1.67259661411868e-07,17630.551,0.00294887999076467
1993,"EGOA","Southeastern_shelf","Walleye_pollock","[55,999)",1.11671596489428e-07,17630.551,0.00196883177715827
1993,"EGOA","Southeastern_slope","Walleye_pollock","[0,20)",1.38512441736276e-09,8064.787,1.11707333945297e-05
1993,"EGOA","Southeastern_slope","Walleye_pollock","[20,40)",5.6944325844586e-08,8064.787,0.000459243858795181
1993,"EGOA","Southeastern_slope","Walleye_pollock","[40,55)",6.79762735073186e-07,8064.787,0.00548214166890267
1993,"EGOA","Southeastern_slope","Walleye_pollock","[55,999)",2.28471084482391e-07,8064.787,0.00184257063200949
1993,"EGOA","Yakutat_gully","Walleye_pollock","[0,20)",4.63638429276825e-09,4149.899,1.92405265401747e-05
1993,"EGOA","Yakutat_gully","Walleye_pollock","[20,40)",6.76340618263273e-08,4149.899,0.000280674525539014
1993,"EGOA","Yakutat_gully","Walleye_pollock","[40,55)",6.07656957775809e-07,4149.899,0.00252171500141687
1993,"EGOA","Yakutat_gully","Walleye_pollock","[55,999)",5.41966683107079e-08,4149.899,0.000224910699625938
1993,"EGOA","Yakutat_shelf","Walleye_pollock","[0,20)",6.83087534159255e-09,46043.042,0.00031451428024971
1993,"EGOA","Yakutat_shelf","Walleye_pollock","[20,40)",9.8254225481683e-08,46043.042,0.0045239234305306
1993,"EGOA","Yakutat_shelf","Walleye_pollock","[40,55)",5.14067014970663e-07,46043.042,0.0236692091611089
1993,"EGOA","Yakutat_shelf","Walleye_pollock","[55,999)",3.86270034584041e-07,46043.042,0.0177850474256945
1993,"EGOA","Yakutat_slope","Walleye_pollock","[0,20)",1.7017320213253e-10,7004.593,1.1919940204451e-06
1993,"EGOA","Yakutat_slope","Walleye_pollock","[20,40)",5.21884331309534e-07,7004.593,0.00365558733390044
1993,"EGOA","Yakutat_slope","Walleye_pollock","[40,55)",2.14081124782515e-06,7004.593,0.0149955114808373
1993,"EGOA","Yakutat_slope","Walleye_pollock","[55,999)",1.61343222379452e-07,7004.593,0.00113014360607655
1996,"EGOA","Southeastern_gully","Walleye_pollock","[0,20)",0,2344.327,0
1996,"EGOA","Southeastern_gully","Walleye_pollock","[20,40)",1.98795879738254e-08,2344.327,4.66042548359143e-05
1996,"EGOA","Southeastern_gully","Walleye_pollock","[40,55)",1.09981782704108e-07,2344.327,0.000257833262701374
1996,"EGOA","Southeastern_gully","Walleye_pollock","[55,999)",4.64344026729251e-08,2344.327,0.00010885742391501
1996,"EGOA","Southeastern_shelf","Walleye_pollock","[0,20)",2.89883358884657e-07,17630.551,0.00511080334286725
1996,"EGOA","Southeastern_shelf","Walleye_pollock","[20,40)",1.54632858489041e-06,17630.551,0.0272626249786683
1996,"EGOA","Southeastern_shelf","Walleye_pollock","[40,55)",3.54128178258039e-07,17630.551,0.00624347490731545
1996,"EGOA","Southeastern_shelf","Walleye_pollock","[55,999)",4.87910883964655e-08,17630.551,0.000860213772319393
1996,"EGOA","Southeastern_slope","Walleye_pollock","[0,20)",3.92164130919045e-09,8064.787,3.16272018490221e-05
1996,"EGOA","Southeastern_slope","Walleye_pollock","[20,40)",1.76688335160226e-07,8064.787,0.00142495378845184
1996,"EGOA","Southeastern_slope","Walleye_pollock","[40,55)",7.39459490825303e-07,8064.787,0.00596358328863452
1996,"EGOA","Southeastern_slope","Walleye_pollock","[55,999)",2.85335195627277e-07,8064.787,0.00230116757633732
1996,"EGOA","Yakutat_gully","Walleye_pollock","[0,20)",4.92690612360439e-09,4149.899,2.04461627954397e-05
1996,"EGOA","Yakutat_gully","Walleye_pollock","[20,40)",1.98895638807604e-07,4149.899,0.000825396812592037
1996,"EGOA","Yakutat_gully","Walleye_pollock","[40,55)",2.42610305644509e-07,4149.899,0.00100680826478384
1996,"EGOA","Yakutat_gully","Walleye_pollock","[55,999)",7.25080983638592e-08,4149.899,0.000300901284892081
1996,"EGOA","Yakutat_shelf","Walleye_pollock","[0,20)",1.4078645224601e-07,46043.042,0.00648223653379404
1996,"EGOA","Yakutat_shelf","Walleye_pollock","[20,40)",1.0421974116331e-07,46043.042,0.00479859391961141
1996,"EGOA","Yakutat_shelf","Walleye_pollock","[40,55)",2.02227424515744e-07,46043.042,0.00931116580053023
1996,"EGOA","Yakutat_shelf","Walleye_pollock","[55,999)",1.33485467726405e-07,46043.042,0.00614607699691651
1996,"EGOA","Yakutat_slope","Walleye_pollock","[0,20)",1.22519890369459e-08,7004.593,8.5820196644268e-05
1996,"EGOA","Yakutat_slope","Walleye_pollock","[20,40)",4.59111012434305e-07,7004.593,0.00321588578392025
1996,"EGOA","Yakutat_slope","Walleye_pollock","[40,55)",8.27488102456485e-07,7004.593,0.00579621737004997
1996,"EGOA","Yakutat_slope","Walleye_pollock","[55,999)",4.46606900635472e-07,7004.593,0.00312829956994292
1999,"EGOA","Southeastern_gully","Walleye_pollock","[0,20)",0,2344.327,0
1999,"EGOA","Southeastern_gully","Walleye_pollock","[40,55)",7.39467388168031e-08,2344.327,0.00017335533637018
1999,"EGOA","Southeastern_shelf","Walleye_pollock","[0,20)",2.39304747569649e-09,17630.551,4.21907455656883e-05
1999,"EGOA","Southeastern_shelf","Walleye_pollock","[20,40)",9.05788204497913e-07,17630.551,0.0159695451345989
1999,"EGOA","Southeastern_shelf","Walleye_pollock","[40,55)",4.68947707214663e-07,17630.551,0.00826780646838119
1999,"EGOA","Southeastern_shelf","Walleye_pollock","[55,999)",1.52492050884425e-07,17630.551,0.00268851888021245
1999,"EGOA","Southeastern_slope","Walleye_pollock","[0,20)",0,8064.787,0
1999,"EGOA","Southeastern_slope","Walleye_pollock","[20,40)",1.76754517622719e-07,8064.787,0.00142548753591497
1999,"EGOA","Southeastern_slope","Walleye_pollock","[40,55)",1.68987196681353e-06,8064.787,0.0136284574696222
1999,"EGOA","Southeastern_slope","Walleye_pollock","[55,999)",2.30975552829741e-07,8064.787,0.00186276863577911
1999,"EGOA","Yakutat_gully","Walleye_pollock","[0,20)",7.63693751379806e-10,4149.899,3.16925193515731e-06
1999,"EGOA","Yakutat_gully","Walleye_pollock","[20,40)",2.86300880431346e-07,4149.899,0.00118811973740116
1999,"EGOA","Yakutat_gully","Walleye_pollock","[40,55)",2.29201495464893e-07,4149.899,0.000951163056828263
1999,"EGOA","Yakutat_gully","Walleye_pollock","[55,999)",5.09134042986716e-08,4149.899,0.000211285485585653
1999,"EGOA","Yakutat_shelf","Walleye_pollock","[0,20)",5.13208318810365e-08,46043.042,0.0023629672177735
1999,"EGOA","Yakutat_shelf","Walleye_pollock","[20,40)",7.42887420063256e-08,46043.042,0.00342047966832442
1999,"EGOA","Yakutat_shelf","Walleye_pollock","[40,55)",1.71278805004864e-07,46043.042,0.00788619721254878
1999,"EGOA","Yakutat_shelf","Walleye_pollock","[55,999)",1.92457968240186e-07,46043.042,0.00886135031491754
1999,"EGOA","Yakutat_slope","Walleye_pollock","[0,20)",0,7004.593,0
1999,"EGOA","Yakutat_slope","Walleye_pollock","[20,40)",9.79118985398424e-09,7004.593,6.8583299912889e-05
1999,"EGOA","Yakutat_slope","Walleye_pollock","[40,55)",8.85007376129987e-08,7004.593,0.000619911647178848
1999,"EGOA","Yakutat_slope","Walleye_pollock","[55,999)",4.90907129270396e-08,7004.593,0.000343860464133751
2003,"EGOA","Southeastern_gully","Walleye_pollock","[0,20)",0,2344.327,0
2003,"EGOA","Southeastern_gully","Walleye_pollock","[40,55)",1.14603652912095e-06,2344.327,0.00268668437820454
2003,"EGOA","Southeastern_gully","Walleye_pollock","[55,999)",5.66288804425848e-08,2344.327,0.000132756613401323
2003,"EGOA","Southeastern_shelf","Walleye_pollock","[0,20)",4.00308102594843e-08,17630.551,0.000705765241851161
2003,"EGOA","Southeastern_shelf","Walleye_pollock","[20,40)",5.69400542321396e-07,17630.551,0.010038845300825
2003,"EGOA","Southeastern_shelf","Walleye_pollock","[40,55)",5.10638277243834e-07,17630.551,0.00900283418949955
2003,"EGOA","Southeastern_shelf","Walleye_pollock","[55,999)",4.44841510446714e-08,17630.551,0.000784280093684782
2003,"EGOA","Southeastern_slope","Walleye_pollock","[0,20)",4.04883648696959e-09,8064.787,3.2653003865238e-05
2003,"EGOA","Southeastern_slope","Walleye_pollock","[20,40)",3.84585741098072e-08,8064.787,0.000310160208519309
2003,"EGOA","Southeastern_slope","Walleye_pollock","[40,55)",5.65985365537128e-07,8064.787,0.00456455141817408
2003,"EGOA","Southeastern_slope","Walleye_pollock","[55,999)",5.38931917862718e-07,8064.787,0.00434637112506431
2003,"EGOA","Yakutat_gully","Walleye_pollock","[0,20)",0,4149.899,0
2003,"EGOA","Yakutat_gully","Walleye_pollock","[20,40)",7.59640468609803e-08,4149.899,0.000315243122104335
2003,"EGOA","Yakutat_gully","Walleye_pollock","[40,55)",1.61034606031812e-07,4149.899,0.00066827735053681
2003,"EGOA","Yakutat_gully","Walleye_pollock","[55,999)",5.84384038805989e-08,4149.899,0.000242513473825693
2003,"EGOA","Yakutat_shelf","Walleye_pollock","[0,20)",2.64731298087421e-08,46043.042,0.00121890342765537
2003,"EGOA","Yakutat_shelf","Walleye_pollock","[20,40)",1.84466841074995e-07,46043.042,0.00849341451122333
2003,"EGOA","Yakutat_shelf","Walleye_pollock","[40,55)",1.58281623771072e-07,46043.042,0.00728776745111965
2003,"EGOA","Yakutat_shelf","Walleye_pollock","[55,999)",1.32367412689264e-07,46043.042,0.00609459834188313
2003,"EGOA","Yakutat_slope","Walleye_pollock","[0,20)",0,7004.593,0
2003,"EGOA","Yakutat_slope","Walleye_pollock","[20,40)",1.62400087163602e-07,7004.593,0.00113754651374556
2003,"EGOA","Yakutat_slope","Walleye_pollock","[40,55)",1.6987518593784e-07,7004.593,0.00118990653829389
2003,"EGOA","Yakutat_slope","Walleye_pollock","[55,999)",1.31078026486881e-07,7004.593,0.000918148226783823
2005,"EGOA","Southeastern_gully","Walleye_pollock","[0,20)",0,2344.327,0
2005,"EGOA","Southeastern_shelf","Walleye_pollock","[0,20)",3.38288833912665e-08,17630.551,0.000596421853902778
2005,"EGOA","Southeastern_shelf","Walleye_pollock","[20,40)",5.6260007518101e-07,17630.551,0.00991894931808263
2005,"EGOA","Southeastern_shelf","Walleye_pollock","[40,55)",8.08827328879854e-07,17630.551,0.01426007147201
2005,"EGOA","Southeastern_shelf","Walleye_pollock","[55,999)",6.78895487875342e-08,17630.551,0.00119693015226561
2005,"EGOA","Southeastern_slope","Walleye_pollock","[0,20)",2.66483701249357e-09,8064.787,2.14913428954769e-05
2005,"EGOA","Southeastern_slope","Walleye_pollock","[20,40)",2.27654347712277e-07,8064.787,0.00183598382392345
2005,"EGOA","Southeastern_slope","Walleye_pollock","[40,55)",1.43299109836124e-06,8064.787,0.0115567679811794
2005,"EGOA","Southeastern_slope","Walleye_pollock","[55,999)",1.13090001828223e-07,8064.787,0.000912046776574232
2005,"EGOA","Yakutat_gully","Walleye_pollock","[20,40)",6.44484683758299e-08,4149.899,0.000267454634464388
2005,"EGOA","Yakutat_gully","Walleye_pollock","[40,55)",2.90119688870828e-07,4149.899,0.00120396740672536
2005,"EGOA","Yakutat_gully","Walleye_pollock","[55,999)",6.30915990860899e-08,4149.899,0.000261823763955765
2005,"EGOA","Yakutat_shelf","Walleye_pollock","[0,20)",2.1906536020609e-08,46043.042,0.00100864355807141
2005,"EGOA","Yakutat_shelf","Walleye_pollock","[20,40)",7.84547870550234e-08,46043.042,0.0036122970554755
2005,"EGOA","Yakutat_shelf","Walleye_pollock","[40,55)",2.26787088888306e-07,46043.042,0.010441967458742
2005,"EGOA","Yakutat_shelf","Walleye_pollock","[55,999)",3.7797130668608e-07,46043.042,0.0174029487485421
2005,"EGOA","Yakutat_slope","Walleye_pollock","[0,20)",0,7004.593,0
2005,"EGOA","Yakutat_slope","Walleye_pollock","[20,40)",1.41679559948165e-07,7004.593,0.000992407653855995
2005,"EGOA","Yakutat_slope","Walleye_pollock","[40,55)",6.27485667031792e-07,7004.593,0.00439528171089122
2005,"EGOA","Yakutat_slope","Walleye_pollock","[55,999)",8.65329159652358e-08,7004.593,0.000606127857439679
2007,"EGOA","Southeastern_gully","Walleye_pollock","[0,20)",0,2344.327,0
2007,"EGOA","Southeastern_gully","Walleye_pollock","[20,40)",2.69934962944949e-08,2344.327,6.32815821875843e-05
2007,"EGOA","Southeastern_gully","Walleye_pollock","[40,55)",4.12041485134854e-06,2344.327,0.00965959978721736
2007,"EGOA","Southeastern_gully","Walleye_pollock","[55,999)",7.80489241895622e-07,2344.327,0.00182972200298544
2007,"EGOA","Southeastern_shelf","Walleye_pollock","[0,20)",9.07367845984888e-09,17630.551,0.000159973950843967
2007,"EGOA","Southeastern_shelf","Walleye_pollock","[20,40)",7.66079572501546e-07,17630.551,0.0135064049730467
2007,"EGOA","Southeastern_shelf","Walleye_pollock","[40,55)",9.82925721399931e-07,17630.551,0.0173295220603533
2007,"EGOA","Southeastern_shelf","Walleye_pollock","[55,999)",1.4050054320268e-07,17630.551,0.00247710199246256
2007,"EGOA","Southeastern_slope","Walleye_pollock","[0,20)",3.96594436329098e-10,8064.787,3.19844965437924e-06
2007,"EGOA","Southeastern_slope","Walleye_pollock","[20,40)",7.25944125041015e-08,8064.787,0.000585458474235715
2007,"EGOA","Southeastern_slope","Walleye_pollock","[40,55)",5.32194694466643e-07,8064.787,0.00429203685340355
2007,"EGOA","Southeastern_slope","Walleye_pollock","[55,999)",1.39166396514344e-07,8064.787,0.00112234734544573
2007,"EGOA","Yakutat_gully","Walleye_pollock","[0,20)",1.22108529923891e-08,4149.899,5.06738066222626e-05
2007,"EGOA","Yakutat_gully","Walleye_pollock","[20,40)",4.15692940674838e-07,4149.899,0.00172508371881357
2007,"EGOA","Yakutat_gully","Walleye_pollock","[40,55)",7.2913605700432e-07,4149.899,0.00302584099382617
2007,"EGOA","Yakutat_gully","Walleye_pollock","[55,999)",2.1133285870319e-07,4149.899,0.000877010018999509
2007,"EGOA","Yakutat_shelf","Walleye_pollock","[0,20)",3.88150256803453e-08,46043.042,0.00178716185763122
2007,"EGOA","Yakutat_shelf","Walleye_pollock","[20,40)",9.85524192744309e-08,46043.042,0.00453765317985423
2007,"EGOA","Yakutat_shelf","Walleye_pollock","[40,55)",1.37882531292704e-07,46043.042,0.00634853117937628
2007,"EGOA","Yakutat_shelf","Walleye_pollock","[55,999)",2.87109921194062e-07,46043.042,0.0132194141601549
2007,"EGOA","Yakutat_slope","Walleye_pollock","[0,20)",0,7004.593,0
2007,"EGOA","Yakutat_slope","Walleye_pollock","[20,40)",1.3323471834862e-07,7004.593,0.000933254975501714
2007,"EGOA","Yakutat_slope","Walleye_pollock","[40,55)",5.25913843804963e-07,7004.593,0.00368381242891934
2007,"EGOA","Yakutat_slope","Walleye_pollock","[55,999)",3.73479350493999e-07,7004.593,0.00261607084411481
2009,"EGOA","Southeastern_gully","Walleye_pollock","[0,20)",0,2344.327,0
2009,"EGOA","Southeastern_gully","Walleye_pollock","[20,40)",4.4689138583255e-09,2344.327,1.04765954187467e-05
2009,"EGOA","Southeastern_gully","Walleye_pollock","[40,55)",6.34886345499846e-08,2344.327,0.000148838120168662
2009,"EGOA","Southeastern_gully","Walleye_pollock","[55,999)",1.07019459580837e-07,2344.327,0.000250888608620764
2009,"EGOA","Southeastern_shelf","Walleye_pollock","[0,20)",3.38889040791515e-08,17630.551,0.000597480051701589
2009,"EGOA","Southeastern_shelf","Walleye_pollock","[20,40)",7.51874194277788e-07,17630.551,0.0132559563277984
2009,"EGOA","Southeastern_shelf","Walleye_pollock","[40,55)",9.84932315921772e-07,17630.551,0.0173648994274069
2009,"EGOA","Southeastern_shelf","Walleye_pollock","[55,999)",2.6952083517141e-07,17630.551,0.00475180083005214
2009,"EGOA","Southeastern_slope","Walleye_pollock","[0,20)",1.34147217083893e-10,8064.787,1.08186873242436e-06
2009,"EGOA","Southeastern_slope","Walleye_pollock","[20,40)",1.73494871668576e-07,8064.787,0.0013991991855994
2009,"EGOA","Southeastern_slope","Walleye_pollock","[40,55)",6.30432055704692e-07,8064.787,0.00508430024723047
2009,"EGOA","Southeastern_slope","Walleye_pollock","[55,999)",2.84189226134516e-07,8064.787,0.0022919255764697
2009,"EGOA","Yakutat_gully","Walleye_pollock","[0,20)",4.79549119802118e-09,4149.899,1.99008041271769e-05
2009,"EGOA","Yakutat_gully","Walleye_pollock","[20,40)",1.0906003614043e-07,4149.899,0.000452588134919136
2009,"EGOA","Yakutat_gully","Walleye_pollock","[40,55)",8.39508039184443e-07,4149.899,0.00348387357230348
2009,"EGOA","Yakutat_gully","Walleye_pollock","[55,999)",1.70837426181539e-07,4149.899,0.000708958064073343
2009,"EGOA","Yakutat_shelf","Walleye_pollock","[0,20)",4.57845190355715e-08,46043.042,0.00210805853290462
2009,"EGOA","Yakutat_shelf","Walleye_pollock","[20,40)",1.80576686309738e-07,46043.042,0.00831429995198011
2009,"EGOA","Yakutat_shelf","Walleye_pollock","[40,55)",2.71733222648357e-07,46043.042,0.0125114241831936
2009,"EGOA","Yakutat_shelf","Walleye_pollock","[55,999)",2.77418455277204e-07,46043.042,0.0127731895879034
2009,"EGOA","Yakutat_slope","Walleye_pollock","[0,20)",0,7004.593,0
2009,"EGOA","Yakutat_slope","Walleye_pollock","[20,40)",4.25528583701614e-08,7004.593,0.000298065453869624
2009,"EGOA","Yakutat_slope","Walleye_pollock","[40,55)",2.75016249808113e-07,7004.593,0.00192637689829216
2009,"EGOA","Yakutat_slope","Walleye_pollock","[55,999)",1.91154070962052e-07,7004.593,0.0013389564673823
2011,"EGOA","Southeastern_gully","Walleye_pollock","[0,20)",0,2344.327,0
2011,"EGOA","Southeastern_gully","Walleye_pollock","[20,40)",2.66536576595325e-08,2344.327,6.24848892999988e-05
2011,"EGOA","Southeastern_gully","Walleye_pollock","[40,55)",2.4286476794884e-07,2344.327,0.000569354432851199
2011,"EGOA","Southeastern_gully","Walleye_pollock","[55,999)",1.61206657959301e-07,2344.327,0.000377921120833754
2011,"EGOA","Southeastern_shelf","Walleye_pollock","[0,20)",2.04882488644687e-08,17630.551,0.000361219116505707
2011,"EGOA","Southeastern_shelf","Walleye_pollock","[20,40)",9.67866605531036e-07,17630.551,0.0170640215500118
2011,"EGOA","Southeastern_shelf","Walleye_pollock","[40,55)",3.88115869709178e-07,17630.551,0.00684269663481702
2011,"EGOA","Southeastern_shelf","Walleye_pollock","[55,999)",4.42702254979482e-08,17630.551,0.000780508468423076
2011,"EGOA","Southeastern_slope","Walleye_pollock","[0,20)",0,8064.787,0
2011,"EGOA","Southeastern_slope","Walleye_pollock","[20,40)",2.39170962399024e-07,8064.787,0.00192886286833314
2011,"EGOA","Southeastern_slope","Walleye_pollock","[40,55)",1.57275603970081e-06,8064.787,0.0126839424631505
2011,"EGOA","Southeastern_slope","Walleye_pollock","[55,999)",4.28900876218374e-07,8064.787,0.00345899421081455
2011,"EGOA","Yakutat_gully","Walleye_pollock","[0,20)",2.84280419449194e-09,4149.899,1.17973502839179e-05
2011,"EGOA","Yakutat_gully","Walleye_pollock","[20,40)",1.48148805450267e-07,4149.899,0.000614802579589257
2011,"EGOA","Yakutat_gully","Walleye_pollock","[40,55)",4.12090807859034e-07,4149.899,0.0017101352314434
2011,"EGOA","Yakutat_gully","Walleye_pollock","[55,999)",1.39217289531415e-07,4149.899,0.000577737690609129
2011,"EGOA","Yakutat_shelf","Walleye_pollock","[0,20)",3.71595381154741e-08,46043.042,0.00171093817415138
2011,"EGOA","Yakutat_shelf","Walleye_pollock","[20,40)",1.47136657443372e-07,46043.042,0.00677461929840477
2011,"EGOA","Yakutat_shelf","Walleye_pollock","[40,55)",3.84383885679413e-07,46043.042,0.0176982033924604
2011,"EGOA","Yakutat_shelf","Walleye_pollock","[55,999)",5.1311082329793e-07,46043.042,0.0236251831877612
2011,"EGOA","Yakutat_slope","Walleye_pollock","[0,20)",3.12998045682343e-10,7004.593,2.19242391980022e-06
2011,"EGOA","Yakutat_slope","Walleye_pollock","[20,40)",2.84351822399308e-07,7004.593,0.00199176878471544
2011,"EGOA","Yakutat_slope","Walleye_pollock","[40,55)",1.48601141499648e-06,7004.593,0.0104089051554044
2011,"EGOA","Yakutat_slope","Walleye_pollock","[55,999)",1.27841908318943e-06,7004.593,0.00895480536117513
2013,"EGOA","Southeastern_gully","Walleye_pollock","[0,20)",0,2344.327,0
2013,"EGOA","Southeastern_shelf","Walleye_pollock","[0,20)",1.24947389950445e-08,17630.551,0.000220289133083821
2013,"EGOA","Southeastern_shelf","Walleye_pollock","[20,40)",1.12295184163949e-07,17630.551,0.00197982597145689
2013,"EGOA","Southeastern_shelf","Walleye_pollock","[40,55)",1.53069703269529e-06,17630.551,0.0269870321004831
2013,"EGOA","Southeastern_shelf","Walleye_pollock","[55,999)",1.80918636682422e-07,17630.551,0.00318969525087992
2013,"EGOA","Southeastern_slope","Walleye_pollock","[0,20)",4.00796036847566e-09,8064.787,3.23233466761977e-05
2013,"EGOA","Southeastern_slope","Walleye_pollock","[20,40)",1.0271458443848e-07,8064.787,0.000828371245289858
2013,"EGOA","Southeastern_slope","Walleye_pollock","[40,55)",4.04088412616984e-06,8064.787,0.0325888697692409
2013,"EGOA","Southeastern_slope","Walleye_pollock","[55,999)",3.12169660031497e-07,8064.787,0.00251758181601644
2013,"EGOA","Yakutat_gully","Walleye_pollock","[0,20)",1.654107468859e-07,4149.899,0.000686437893091049
2013,"EGOA","Yakutat_gully","Walleye_pollock","[20,40)",6.76969704648804e-08,4149.899,0.000280935590035236
2013,"EGOA","Yakutat_gully","Walleye_pollock","[40,55)",8.67010777511216e-07,4149.899,0.00359800715858302
2013,"EGOA","Yakutat_gully","Walleye_pollock","[55,999)",2.0250731512737e-07,4149.899,0.000840384904539756
2013,"EGOA","Yakutat_shelf","Walleye_pollock","[0,20)",2.33404682218094e-07,46043.042,0.0107466615863644
2013,"EGOA","Yakutat_shelf","Walleye_pollock","[20,40)",8.75739429789468e-08,46043.042,0.00403217073468525
2013,"EGOA","Yakutat_shelf","Walleye_pollock","[40,55)",2.90955805080444e-07,46043.042,0.0133964903534627
2013,"EGOA","Yakutat_shelf","Walleye_pollock","[55,999)",2.28938290346897e-07,46043.042,0.0105410153178504
2013,"EGOA","Yakutat_slope","Walleye_pollock","[0,20)",2.60577544804267e-10,7004.593,1.82523964629315e-06
2013,"EGOA","Yakutat_slope","Walleye_pollock","[20,40)",4.94230383342451e-08,7004.593,0.000346188268354785
2013,"EGOA","Yakutat_slope","Walleye_pollock","[40,55)",2.54338925958706e-06,7004.593,0.0178154066039787
2013,"EGOA","Yakutat_slope","Walleye_pollock","[55,999)",8.18093373795794e-07,7004.593,0.0057304111194364
2015,"EGOA","Southeastern_gully","Walleye_pollock","[0,20)",0,2344.327,0
2015,"EGOA","Southeastern_gully","Walleye_pollock","[40,55)",3.68893152531661e-08,2344.327,8.64806177595091e-05
2015,"EGOA","Southeastern_gully","Walleye_pollock","[55,999)",5.02659912611043e-08,2344.327,0.000117839920495171
2015,"EGOA","Southeastern_shelf","Walleye_pollock","[0,20)",2.01576114930299e-09,17630.551,3.5538979746605e-05
2015,"EGOA","Southeastern_shelf","Walleye_pollock","[20,40)",7.15871315994047e-07,17630.551,0.0126212057460702
2015,"EGOA","Southeastern_shelf","Walleye_pollock","[40,55)",1.17831062945649e-06,17630.551,0.0207742656464748
2015,"EGOA","Southeastern_shelf","Walleye_pollock","[55,999)",4.94910863822008e-07,17630.551,0.00872555122506797
2015,"EGOA","Southeastern_slope","Walleye_pollock","[0,20)",0,8064.787,0
2015,"EGOA","Southeastern_slope","Walleye_pollock","[20,40)",3.67318452537508e-07,8064.787,0.00296234508088461
2015,"EGOA","Southeastern_slope","Walleye_pollock","[40,55)",1.59754607876259e-06,8064.787,0.0128838688479055
2015,"EGOA","Southeastern_slope","Walleye_pollock","[55,999)",4.91567513281449e-07,8064.787,0.00396438729073456
2015,"EGOA","Yakutat_gully","Walleye_pollock","[0,20)",0,4149.899,0
2015,"EGOA","Yakutat_gully","Walleye_pollock","[20,40)",3.43668873203329e-07,4149.899,0.00142619111323762
2015,"EGOA","Yakutat_gully","Walleye_pollock","[40,55)",4.08382547244275e-07,4149.899,0.00169474632442647
2015,"EGOA","Yakutat_gully","Walleye_pollock","[55,999)",1.91889341176742e-07,4149.899,0.00079632138506002
2015,"EGOA","Yakutat_shelf","Walleye_pollock","[0,20)",2.55036468527113e-08,46043.042,0.00117426548319255
2015,"EGOA","Yakutat_shelf","Walleye_pollock","[20,40)",7.48262499437909e-08,46043.042,0.00344522816886446
2015,"EGOA","Yakutat_shelf","Walleye_pollock","[40,55)",1.71542041219431e-07,46043.042,0.007898317408632
2015,"EGOA","Yakutat_shelf","Walleye_pollock","[55,999)",1.61938383402155e-07,46043.042,0.00745613578839752
2015,"EGOA","Yakutat_slope","Walleye_pollock","[0,20)",7.50557744509578e-10,7004.593,5.25735152328758e-06
2015,"EGOA","Yakutat_slope","Walleye_pollock","[20,40)",2.77310408462428e-07,7004.593,0.00194244654594307
2015,"EGOA","Yakutat_slope","Walleye_pollock","[40,55)",3.34879126242132e-06,7004.593,0.0234569198352176
2015,"EGOA","Yakutat_slope","Walleye_pollock","[55,999)",3.28083695539165e-06,7004.593,0.0229809275718777
2017,"EGOA","Southeastern_gully","Walleye_pollock","[0,20)",0,2344.327,0
2017,"EGOA","Southeastern_gully","Walleye_pollock","[40,55)",9.09342377538372e-08,2344.327,0.00021317958879074
2017,"EGOA","Southeastern_gully","Walleye_pollock","[55,999)",1.72398334949367e-07,2344.327,0.000404158071376844
2017,"EGOA","Southeastern_shelf","Walleye_pollock","[0,20)",3.8136693955658e-08,17630.551,0.000672370927756621
2017,"EGOA","Southeastern_shelf","Walleye_pollock","[20,40)",1.11318724397872e-06,17630.551,0.0196261044775163
2017,"EGOA","Southeastern_shelf","Walleye_pollock","[40,55)",9.71567544193083e-08,17630.551,0.00171292711378409
2017,"EGOA","Southeastern_shelf","Walleye_pollock","[55,999)",4.52122173544159e-08,17630.551,0.000797116303890114
2017,"EGOA","Southeastern_slope","Walleye_pollock","[0,20)",2.50567606799777e-10,8064.787,2.02077437793995e-06
2017,"EGOA","Southeastern_slope","Walleye_pollock","[20,40)",6.91444166981798e-08,8064.787,0.000557634992910064
2017,"EGOA","Southeastern_slope","Walleye_pollock","[40,55)",3.46009842116103e-07,8064.787,0.00279049567657
2017,"EGOA","Southeastern_slope","Walleye_pollock","[55,999)",9.36655004484876e-08,8064.787,0.000755392310365457
2017,"EGOA","Yakutat_gully","Walleye_pollock","[0,20)",3.42765618847159e-07,4149.899,0.0014224426988882
2017,"EGOA","Yakutat_gully","Walleye_pollock","[20,40)",1.5826105445853e-07,4149.899,0.0006567673916364
2017,"EGOA","Yakutat_gully","Walleye_pollock","[40,55)",2.2501860572708e-07,4149.899,0.000933804486888203
2017,"EGOA","Yakutat_gully","Walleye_pollock","[55,999)",7.06475987589415e-08,4149.899,0.000293180399442133
2017,"EGOA","Yakutat_shelf","Walleye_pollock","[0,20)",3.53493627723575e-08,46043.042,0.00162759219480089
2017,"EGOA","Yakutat_shelf","Walleye_pollock","[20,40)",4.1141016119476e-08,46043.042,0.00189425753311171
2017,"EGOA","Yakutat_shelf","Walleye_pollock","[40,55)",2.14991930222221e-07,46043.042,0.00989888247288279
2017,"EGOA","Yakutat_shelf","Walleye_pollock","[55,999)",1.62924657574722e-07,46043.042,0.00750154685154853
2017,"EGOA","Yakutat_slope","Walleye_pollock","[0,20)",2.9414686107676e-08,7004.593,0.000206037904407025
2017,"EGOA","Yakutat_slope","Walleye_pollock","[20,40)",8.3487947526696e-08,7004.593,0.000584799092829862
2017,"EGOA","Yakutat_slope","Walleye_pollock","[40,55)",9.38099699653308e-08,7004.593,0.000657100658949367
2017,"EGOA","Yakutat_slope","Walleye_pollock","[55,999)",8.2647950475428e-08,7004.593,0.00057891525536453
2019,"EGOA","Southeastern_gully","Walleye_pollock","[0,20)",0,2344.327,0
2019,"EGOA","Southeastern_gully","Walleye_pollock","[20,40)",6.06031219128075e-09,2344.327,1.42073534984486e-05
2019,"EGOA","Southeastern_gully","Walleye_pollock","[40,55)",9.18587989112209e-08,2344.327,0.000215347062475146
2019,"EGOA","Southeastern_gully","Walleye_pollock","[55,999)",2.88194181907556e-07,2344.327,0.000675621401888795
2019,"EGOA","Southeastern_shelf","Walleye_pollock","[0,20)",1.07562471883758e-08,17630.551,0.000189638564623267
2019,"EGOA","Southeastern_shelf","Walleye_pollock","[20,40)",8.00469416358078e-07,17630.551,0.0141127168690413
2019,"EGOA","Southeastern_shelf","Walleye_pollock","[40,55)",1.461415938006e-06,17630.551,0.0257655682272276
2019,"EGOA","Southeastern_shelf","Walleye_pollock","[55,999)",4.2301481742121e-07,17630.551,0.00745798431230034
2019,"EGOA","Southeastern_slope","Walleye_pollock","[0,20)",2.4681231543833e-10,8064.787,1.99048875298695e-06
2019,"EGOA","Southeastern_slope","Walleye_pollock","[20,40)",2.2709310913362e-07,8064.787,0.0018314575543304
2019,"EGOA","Southeastern_slope","Walleye_pollock","[40,55)",1.04715202606145e-06,8064.787,0.00844505804680406
2019,"EGOA","Southeastern_slope","Walleye_pollock","[55,999)",3.96833478617104e-07,8064.787,0.003200377479516
2019,"EGOA","Yakutat_gully","Walleye_pollock","[0,20)",7.1587320597222e-09,4149.899,2.97080150159091e-05
2019,"EGOA","Yakutat_gully","Walleye_pollock","[20,40)",2.16793556415738e-07,4149.899,0.000899671362976116
2019,"EGOA","Yakutat_gully","Walleye_pollock","[40,55)",2.22403444245495e-07,4149.899,0.000922951830870936
2019,"EGOA","Yakutat_gully","Walleye_pollock","[55,999)",9.60094997975514e-08,4149.899,0.000398429727200359
2019,"EGOA","Yakutat_shelf","Walleye_pollock","[0,20)",2.31318915659312e-08,46043.042,0.00106506265490961
2019,"EGOA","Yakutat_shelf","Walleye_pollock","[20,40)",2.15725429223717e-07,46043.042,0.00993265499821565
2019,"EGOA","Yakutat_shelf","Walleye_pollock","[40,55)",1.62974503089863e-07,46043.042,0.0075038418906957
2019,"EGOA","Yakutat_shelf","Walleye_pollock","[55,999)",9.53439573139091e-08,46043.042,0.00438992583105052
2019,"EGOA","Yakutat_slope","Walleye_pollock","[0,20)",2.1208664375399e-09,7004.593,1.48558062023269e-05
2019,"EGOA","Yakutat_slope","Walleye_pollock","[20,40)",1.40692065740596e-07,7004.593,0.000985490658842116
2019,"EGOA","Yakutat_slope","Walleye_pollock","[40,55)",1.94423733543077e-07,7004.593,0.0013618591230097
2019,"EGOA","Yakutat_slope","Walleye_pollock","[55,999)",8.50407755438643e-08,7004.593,0.000595676021089123
2021,"EGOA","Southeastern_gully","Walleye_pollock","[0,20)",0,2344.327,0
2021,"EGOA","Southeastern_gully","Walleye_pollock","[40,55)",7.97655975654285e-08,2344.327,0.000186996644043768
2021,"EGOA","Southeastern_gully","Walleye_pollock","[55,999)",4.77374359902e-08,2344.327,0.000111912160102598
2021,"EGOA","Southeastern_shelf","Walleye_pollock","[0,20)",2.87692347082934e-09,17630.551,5.07217459755537e-05
2021,"EGOA","Southeastern_shelf","Walleye_pollock","[20,40)",4.1591652276883e-07,17630.551,0.00733283746641851
2021,"EGOA","Southeastern_shelf","Walleye_pollock","[40,55)",3.97464150253003e-07,17630.551,0.00700751197170724
2021,"EGOA","Southeastern_shelf","Walleye_pollock","[55,999)",7.47488649027254e-08,17630.551,0.00131786367485961
2021,"EGOA","Southeastern_slope","Walleye_pollock","[0,20)",0,8064.787,0
2021,"EGOA","Southeastern_slope","Walleye_pollock","[20,40)",1.64234176768037e-07,8064.787,0.00132451365375456
2021,"EGOA","Southeastern_slope","Walleye_pollock","[40,55)",1.0838171040956e-06,8064.787,0.00874075409148784
2021,"EGOA","Southeastern_slope","Walleye_pollock","[55,999)",1.86170865769792e-07,8064.787,0.00150142837803896
2021,"EGOA","Yakutat_gully","Walleye_pollock","[0,20)",4.13698715039543e-09,4149.899,1.71680788384389e-05
2021,"EGOA","Yakutat_gully","Walleye_pollock","[20,40)",2.63214030017274e-07,4149.899,0.00109231163995466
2021,"EGOA","Yakutat_gully","Walleye_pollock","[40,55)",8.06264036123028e-07,4149.899,0.00334591431724292
2021,"EGOA","Yakutat_gully","Walleye_pollock","[55,999)",8.79089890543868e-08,4149.899,0.000364813425767811
2021,"EGOA","Yakutat_shelf","Walleye_pollock","[0,20)",4.98279137985047e-08,46043.042,0.00229422872779693
2021,"EGOA","Yakutat_shelf","Walleye_pollock","[20,40)",2.21503297372323e-07,46043.042,0.0101986856240524
2021,"EGOA","Yakutat_shelf","Walleye_pollock","[40,55)",3.22885319070899e-07,46043.042,0.0148666223071648
2021,"EGOA","Yakutat_shelf","Walleye_pollock","[55,999)",5.14343368667627e-07,46043.042,0.023681933325985
2021,"EGOA","Yakutat_slope","Walleye_pollock","[0,20)",1.00467275618728e-09,7004.593,7.03732375528013e-06
2021,"EGOA","Yakutat_slope","Walleye_pollock","[20,40)",1.57906964604192e-07,7004.593,0.00110607401891777
2021,"EGOA","Yakutat_slope","Walleye_pollock","[40,55)",6.71989663999102e-07,7004.593,0.00470701409652046
2021,"EGOA","Yakutat_slope","Walleye_pollock","[55,999)",1.66467018727983e-07,7004.593,0.0011660337141129
