"survey","Species","RACE","stratum","haul_count","catch_count","mean_wgt_cpue","mean_num_cpue","new.stratum_biomass","stratum_pop","INPFC_AREA","MAX_DEPTH","REGULATORY_AREA_NAME","NODC","NAME","ECOPATH_PRED"
NA,NA,NA,NA,NA,NA,NA,NA,NA,NA,NA,NA,NA,NA,NA,NA
"GOA","Dusky rockfish",30151,10,176,5,3.32321079191123,2.49068059279214,3544.49643309478,20754.1390078097,"Shumagin",100,"WESTERN GOA",8826010109,"Sebastes ciliatus (dark rockfish)",NA
"GOA","Dusky rockfish",30151,11,321,15,13.8693379685437,10.6564552679421,24287.9686730363,145793.532726436,"Shumagin",100,"WESTERN GOA",8826010109,"Sebastes ciliatus (dark rockfish)",NA
"GOA","Dusky rockfish",30151,12,186,3,6.82519270810832,4.13146141541731,6006.88857623597,28407.1974237389,"Shumagin",100,"WESTERN GOA",8826010109,"Sebastes ciliatus (dark rockfish)",NA
"GOA","Dusky rockfish",30151,13,233,17,20.1538814504893,16.0538657142393,31985.1166253608,199048.493625187,"Shumagin",100,"WESTERN GOA",8826010109,"Sebastes ciliatus (dark rockfish)",NA
"GOA","Dusky rockfish",30151,20,144,0,NA,NA,NA,NA,"Chirikof",100,"CENTRAL GOA",8826010109,"Sebastes ciliatus (dark rockfish)",NA
"GOA","Dusky rockfish",30151,21,161,9,NA,NA,NA,NA,"Chirikof",100,"CENTRAL GOA",8826010109,"Sebastes ciliatus (dark rockfish)",NA
"GOA","Dusky rockfish",30151,22,235,3,0.792423994070115,0.91738928586697,1094.63670439585,9900.47618174777,"Chirikof",100,"CENTRAL GOA",8826010109,"Sebastes ciliatus (dark rockfish)",NA
"GOA","Dusky rockfish",30151,30,134,3,0.783772243650804,1.23304979268444,578.469061095528,7109.85758335292,"Kodiak",100,"CENTRAL GOA",8826010109,"Sebastes ciliatus (dark rockfish)",NA
"GOA","Dusky rockfish",30151,31,347,9,17.4323734708462,16.4131128982707,34369.7166246841,252813.590699659,"Kodiak",100,"CENTRAL GOA",8826010109,"Sebastes ciliatus (dark rockfish)",NA
"GOA","Dusky rockfish",30151,32,142,0,0,0,0,0,"Kodiak",100,"CENTRAL GOA",8826010109,"Sebastes ciliatus (dark rockfish)",NA
"GOA","Dusky rockfish",30151,33,70,0,0,0,0,0,"Kodiak",100,"CENTRAL GOA",8826010109,"Sebastes ciliatus (dark rockfish)",NA
"GOA","Dusky rockfish",30151,35,55,0,0,0,0,0,"Kodiak",100,"CENTRAL GOA",8826010109,"Sebastes ciliatus (dark rockfish)",NA
"GOA","Dusky rockfish",30151,40,120,1,1.52583678085163,0.705317464184111,1942.74597392125,7015.88732877956,"Yakutat",100,"EASTERN GOA",8826010109,"Sebastes ciliatus (dark rockfish)",NA
"GOA","Dusky rockfish",30151,41,88,0,0,0,0,0,"Yakutat",100,"EASTERN GOA",8826010109,"Sebastes ciliatus (dark rockfish)",NA
"GOA","Dusky rockfish",30151,50,41,0,0,0,0,0,"Southeastern",100,"EASTERN GOA",8826010109,"Sebastes ciliatus (dark rockfish)",NA
"GOA","Dusky rockfish",30151,110,108,1,0.377027644423254,0.288688854841695,204.876990887981,1225.57541448113,"Shumagin",200,"WESTERN GOA",8826010109,"Sebastes ciliatus (dark rockfish)",NA
"GOA","Dusky rockfish",30151,111,263,12,NA,NA,NA,NA,"Shumagin",200,"WESTERN GOA",8826010109,"Sebastes ciliatus (dark rockfish)",NA
"GOA","Dusky rockfish",30151,112,56,0,0,0,0,0,"Shumagin",200,"WESTERN GOA",8826010109,"Sebastes ciliatus (dark rockfish)",NA
"GOA","Dusky rockfish",30151,120,269,2,0.155923774276169,0.156786261112387,221.617109835492,1740.96075805613,"Chirikof",200,"CENTRAL GOA",8826010109,"Sebastes ciliatus (dark rockfish)",NA
"GOA","Dusky rockfish",30151,121,219,1,0.143063462415037,0.100465914617302,141.637295948945,777.065572051359,"Chirikof",200,"CENTRAL GOA",8826010109,"Sebastes ciliatus (dark rockfish)",NA
"GOA","Dusky rockfish",30151,122,167,5,5.06222411954678,5.52468766077966,3246.78128132219,27682.7623999997,"Chirikof",200,"CENTRAL GOA",8826010109,"Sebastes ciliatus (dark rockfish)",NA
"GOA","Dusky rockfish",30151,130,239,4,0.480396781903727,0.487705983635968,486.501279890734,3858.62000868146,"Kodiak",200,"CENTRAL GOA",8826010109,"Sebastes ciliatus (dark rockfish)",NA
"GOA","Dusky rockfish",30151,131,221,1,0.127490828371998,0.0914568352740298,119.721467935997,670.964109218063,"Kodiak",200,"CENTRAL GOA",8826010109,"Sebastes ciliatus (dark rockfish)",NA
"GOA","Dusky rockfish",30151,132,214,0,0,0,0,0,"Kodiak",200,"CENTRAL GOA",8826010109,"Sebastes ciliatus (dark rockfish)",NA
"GOA","Dusky rockfish",30151,133,241,2,0.446350990931989,0.318822136379992,689.994985900356,3850.41844810467,"Kodiak",200,"CENTRAL GOA",8826010109,"Sebastes ciliatus (dark rockfish)",NA
"GOA","Dusky rockfish",30151,134,177,5,12.4833245576228,8.05246744833066,8030.56223509096,40470.1392166249,"Kodiak",200,"CENTRAL GOA",8826010109,"Sebastes ciliatus (dark rockfish)",NA
"GOA","Dusky rockfish",30151,140,147,0,0,0,0,0,"Yakutat",200,"EASTERN GOA",8826010109,"Sebastes ciliatus (dark rockfish)",NA
"GOA","Dusky rockfish",30151,141,99,0,0,0,0,0,"Yakutat",200,"EASTERN GOA",8826010109,"Sebastes ciliatus (dark rockfish)",NA
"GOA","Dusky rockfish",30151,142,136,0,0,0,0,0,"Yakutat",200,"EASTERN GOA",8826010109,"Sebastes ciliatus (dark rockfish)",NA
"GOA","Dusky rockfish",30151,143,113,0,0,0,0,0,"Yakutat",200,"EASTERN GOA",8826010109,"Sebastes ciliatus (dark rockfish)",NA
"GOA","Dusky rockfish",30151,150,68,2,2.55693190521758,1.39208339936312,1373.42246685193,5841.71371958623,"Southeastern",200,"EASTERN GOA",8826010109,"Sebastes ciliatus (dark rockfish)",NA
"GOA","Dusky rockfish",30151,151,141,0,0,0,0,0,"Southeastern",200,"EASTERN GOA",8826010109,"Sebastes ciliatus (dark rockfish)",NA
"GOA","Dusky rockfish",30151,210,100,1,0.313364346197861,0.183468586766898,111.826408399101,511.501063008185,"Shumagin",300,"WESTERN GOA",8826010109,"Sebastes ciliatus (dark rockfish)",NA
"GOA","Dusky rockfish",30151,220,203,0,0,0,0,0,"Chirikof",300,"CENTRAL GOA",8826010109,"Sebastes ciliatus (dark rockfish)",NA
"GOA","Dusky rockfish",30151,221,63,1,0.453476523237133,0.326712192533957,177.421840808477,499.31849110815,"Chirikof",300,"CENTRAL GOA",8826010109,"Sebastes ciliatus (dark rockfish)",NA
"GOA","Dusky rockfish",30151,230,160,0,0,0,0,0,"Kodiak",300,"CENTRAL GOA",8826010109,"Sebastes ciliatus (dark rockfish)",NA
"GOA","Dusky rockfish",30151,231,57,0,0,0,0,0,"Kodiak",300,"CENTRAL GOA",8826010109,"Sebastes ciliatus (dark rockfish)",NA
"GOA","Dusky rockfish",30151,232,58,0,0,0,0,0,"Kodiak",300,"CENTRAL GOA",8826010109,"Sebastes ciliatus (dark rockfish)",NA
"GOA","Dusky rockfish",30151,240,101,0,0,0,0,0,"Yakutat",300,"EASTERN GOA",8826010109,"Sebastes ciliatus (dark rockfish)",NA
"GOA","Dusky rockfish",30151,241,70,0,0,0,0,0,"Yakutat",300,"EASTERN GOA",8826010109,"Sebastes ciliatus (dark rockfish)",NA
"GOA","Dusky rockfish",30151,250,43,0,0,0,0,0,"Southeastern",300,"EASTERN GOA",8826010109,"Sebastes ciliatus (dark rockfish)",NA
"GOA","Dusky rockfish",30151,251,118,0,0,0,0,0,"Southeastern",300,"EASTERN GOA",8826010109,"Sebastes ciliatus (dark rockfish)",NA
"GOA","Dusky rockfish",30151,310,76,0,0,0,0,0,"Shumagin",500,"WESTERN GOA",8826010109,"Sebastes ciliatus (dark rockfish)",NA
"GOA","Dusky rockfish",30151,320,55,0,0,0,0,0,"Chirikof",500,"CENTRAL GOA",8826010109,"Sebastes ciliatus (dark rockfish)",NA
"GOA","Dusky rockfish",30151,330,82,0,0,0,0,0,"Kodiak",500,"CENTRAL GOA",8826010109,"Sebastes ciliatus (dark rockfish)",NA
"GOA","Dusky rockfish",30151,340,38,0,0,0,0,0,"Yakutat",500,"EASTERN GOA",8826010109,"Sebastes ciliatus (dark rockfish)",NA
"GOA","Dusky rockfish",30151,341,33,0,0,0,0,0,"Yakutat",500,"EASTERN GOA",8826010109,"Sebastes ciliatus (dark rockfish)",NA
"GOA","Dusky rockfish",30151,350,60,0,0,0,0,0,"Southeastern",500,"EASTERN GOA",8826010109,"Sebastes ciliatus (dark rockfish)",NA
"GOA","Dusky rockfish",30151,351,10,0,0,0,0,0,"Southeastern",500,"EASTERN GOA",8826010109,"Sebastes ciliatus (dark rockfish)",NA
"GOA","Dusky rockfish",30151,410,33,0,0,0,0,0,"Shumagin",700,"WESTERN GOA",8826010109,"Sebastes ciliatus (dark rockfish)",NA
"GOA","Dusky rockfish",30151,420,33,0,0,0,0,0,"Chirikof",700,"CENTRAL GOA",8826010109,"Sebastes ciliatus (dark rockfish)",NA
"GOA","Dusky rockfish",30151,430,38,0,0,0,0,0,"Kodiak",700,"CENTRAL GOA",8826010109,"Sebastes ciliatus (dark rockfish)",NA
"GOA","Dusky rockfish",30151,440,18,0,0,0,0,0,"Yakutat",700,"EASTERN GOA",8826010109,"Sebastes ciliatus (dark rockfish)",NA
"GOA","Dusky rockfish",30151,450,8,0,0,0,0,0,"Southeastern",700,"EASTERN GOA",8826010109,"Sebastes ciliatus (dark rockfish)",NA
"GOA","Dusky rockfish",30151,510,9,0,0,0,0,0,"Shumagin",1000,"WESTERN GOA",8826010109,"Sebastes ciliatus (dark rockfish)",NA
"GOA","Dusky rockfish",30151,520,29,0,0,0,0,0,"Chirikof",1000,"CENTRAL GOA",8826010109,"Sebastes ciliatus (dark rockfish)",NA
"GOA","Dusky rockfish",30151,530,21,0,0,0,0,0,"Kodiak",1000,"CENTRAL GOA",8826010109,"Sebastes ciliatus (dark rockfish)",NA
"GOA","Dusky rockfish",30151,540,8,0,0,0,0,0,"Yakutat",1000,"EASTERN GOA",8826010109,"Sebastes ciliatus (dark rockfish)",NA
"GOA","Dusky rockfish",30151,550,4,0,0,0,0,0,"Southeastern",1000,"EASTERN GOA",8826010109,"Sebastes ciliatus (dark rockfish)",NA
"GOA","Sebastolobus spp.",30010,10,176,0,0,0,0,0,"Shumagin",100,"WESTERN GOA",8826010200,"Sebastolobus sp. (unidentified thornyhead)",NA
"GOA","Sebastolobus spp.",30010,11,321,0,0,0,0,0,"Shumagin",100,"WESTERN GOA",8826010200,"Sebastolobus sp. (unidentified thornyhead)",NA
"GOA","Sebastolobus spp.",30010,12,186,0,0,0,0,0,"Shumagin",100,"WESTERN GOA",8826010200,"Sebastolobus sp. (unidentified thornyhead)",NA
"GOA","Sebastolobus spp.",30010,13,233,0,0,0,0,0,"Shumagin",100,"WESTERN GOA",8826010200,"Sebastolobus sp. (unidentified thornyhead)",NA
"GOA","Sebastolobus spp.",30010,20,144,0,NA,NA,NA,NA,"Chirikof",100,"CENTRAL GOA",8826010200,"Sebastolobus sp. (unidentified thornyhead)",NA
"GOA","Sebastolobus spp.",30010,21,161,0,NA,NA,NA,NA,"Chirikof",100,"CENTRAL GOA",8826010200,"Sebastolobus sp. (unidentified thornyhead)",NA
"GOA","Sebastolobus spp.",30010,22,235,0,0,0,0,0,"Chirikof",100,"CENTRAL GOA",8826010200,"Sebastolobus sp. (unidentified thornyhead)",NA
"GOA","Sebastolobus spp.",30010,30,134,0,0,0,0,0,"Kodiak",100,"CENTRAL GOA",8826010200,"Sebastolobus sp. (unidentified thornyhead)",NA
"GOA","Sebastolobus spp.",30010,31,347,0,0,0,0,0,"Kodiak",100,"CENTRAL GOA",8826010200,"Sebastolobus sp. (unidentified thornyhead)",NA
"GOA","Sebastolobus spp.",30010,32,142,0,0,0,0,0,"Kodiak",100,"CENTRAL GOA",8826010200,"Sebastolobus sp. (unidentified thornyhead)",NA
"GOA","Sebastolobus spp.",30010,33,70,0,0,0,0,0,"Kodiak",100,"CENTRAL GOA",8826010200,"Sebastolobus sp. (unidentified thornyhead)",NA
"GOA","Sebastolobus spp.",30010,35,55,0,0,0,0,0,"Kodiak",100,"CENTRAL GOA",8826010200,"Sebastolobus sp. (unidentified thornyhead)",NA
"GOA","Sebastolobus spp.",30010,40,120,0,0,0,0,0,"Yakutat",100,"EASTERN GOA",8826010200,"Sebastolobus sp. (unidentified thornyhead)",NA
"GOA","Sebastolobus spp.",30010,41,88,0,0,0,0,0,"Yakutat",100,"EASTERN GOA",8826010200,"Sebastolobus sp. (unidentified thornyhead)",NA
"GOA","Sebastolobus spp.",30010,50,41,0,0,0,0,0,"Southeastern",100,"EASTERN GOA",8826010200,"Sebastolobus sp. (unidentified thornyhead)",NA
"GOA","Sebastolobus spp.",30010,110,108,0,0,0,0,0,"Shumagin",200,"WESTERN GOA",8826010200,"Sebastolobus sp. (unidentified thornyhead)",NA
"GOA","Sebastolobus spp.",30010,111,263,0,NA,NA,NA,NA,"Shumagin",200,"WESTERN GOA",8826010200,"Sebastolobus sp. (unidentified thornyhead)",NA
"GOA","Sebastolobus spp.",30010,112,56,0,0,0,0,0,"Shumagin",200,"WESTERN GOA",8826010200,"Sebastolobus sp. (unidentified thornyhead)",NA
"GOA","Sebastolobus spp.",30010,120,269,0,0,0,0,0,"Chirikof",200,"CENTRAL GOA",8826010200,"Sebastolobus sp. (unidentified thornyhead)",NA
"GOA","Sebastolobus spp.",30010,121,219,0,0,0,0,0,"Chirikof",200,"CENTRAL GOA",8826010200,"Sebastolobus sp. (unidentified thornyhead)",NA
"GOA","Sebastolobus spp.",30010,122,167,0,0,0,0,0,"Chirikof",200,"CENTRAL GOA",8826010200,"Sebastolobus sp. (unidentified thornyhead)",NA
"GOA","Sebastolobus spp.",30010,130,239,0,0,0,0,0,"Kodiak",200,"CENTRAL GOA",8826010200,"Sebastolobus sp. (unidentified thornyhead)",NA
"GOA","Sebastolobus spp.",30010,131,221,0,0,0,0,0,"Kodiak",200,"CENTRAL GOA",8826010200,"Sebastolobus sp. (unidentified thornyhead)",NA
"GOA","Sebastolobus spp.",30010,132,214,0,0,0,0,0,"Kodiak",200,"CENTRAL GOA",8826010200,"Sebastolobus sp. (unidentified thornyhead)",NA
"GOA","Sebastolobus spp.",30010,133,241,0,0,0,0,0,"Kodiak",200,"CENTRAL GOA",8826010200,"Sebastolobus sp. (unidentified thornyhead)",NA
"GOA","Sebastolobus spp.",30010,134,177,0,0,0,0,0,"Kodiak",200,"CENTRAL GOA",8826010200,"Sebastolobus sp. (unidentified thornyhead)",NA
"GOA","Sebastolobus spp.",30010,140,147,0,0,0,0,0,"Yakutat",200,"EASTERN GOA",8826010200,"Sebastolobus sp. (unidentified thornyhead)",NA
"GOA","Sebastolobus spp.",30010,141,99,0,0,0,0,0,"Yakutat",200,"EASTERN GOA",8826010200,"Sebastolobus sp. (unidentified thornyhead)",NA
"GOA","Sebastolobus spp.",30010,142,136,0,0,0,0,0,"Yakutat",200,"EASTERN GOA",8826010200,"Sebastolobus sp. (unidentified thornyhead)",NA
"GOA","Sebastolobus spp.",30010,143,113,1,0.0301723109002924,0.500093550833576,14.9220779407134,3864.48841696653,"Yakutat",200,"EASTERN GOA",8826010200,"Sebastolobus sp. (unidentified thornyhead)",NA
"GOA","Sebastolobus spp.",30010,150,68,0,0,0,0,0,"Southeastern",200,"EASTERN GOA",8826010200,"Sebastolobus sp. (unidentified thornyhead)",NA
"GOA","Sebastolobus spp.",30010,151,141,0,0,0,0,0,"Southeastern",200,"EASTERN GOA",8826010200,"Sebastolobus sp. (unidentified thornyhead)",NA
"GOA","Sebastolobus spp.",30010,210,100,0,0,0,0,0,"Shumagin",300,"WESTERN GOA",8826010200,"Sebastolobus sp. (unidentified thornyhead)",NA
"GOA","Sebastolobus spp.",30010,220,203,0,0,0,0,0,"Chirikof",300,"CENTRAL GOA",8826010200,"Sebastolobus sp. (unidentified thornyhead)",NA
"GOA","Sebastolobus spp.",30010,221,63,0,0,0,0,0,"Chirikof",300,"CENTRAL GOA",8826010200,"Sebastolobus sp. (unidentified thornyhead)",NA
"GOA","Sebastolobus spp.",30010,230,160,0,0,0,0,0,"Kodiak",300,"CENTRAL GOA",8826010200,"Sebastolobus sp. (unidentified thornyhead)",NA
"GOA","Sebastolobus spp.",30010,231,57,0,0,0,0,0,"Kodiak",300,"CENTRAL GOA",8826010200,"Sebastolobus sp. (unidentified thornyhead)",NA
"GOA","Sebastolobus spp.",30010,232,58,0,0,0,0,0,"Kodiak",300,"CENTRAL GOA",8826010200,"Sebastolobus sp. (unidentified thornyhead)",NA
"GOA","Sebastolobus spp.",30010,240,101,0,0,0,0,0,"Yakutat",300,"EASTERN GOA",8826010200,"Sebastolobus sp. (unidentified thornyhead)",NA
"GOA","Sebastolobus spp.",30010,241,70,0,0,0,0,0,"Yakutat",300,"EASTERN GOA",8826010200,"Sebastolobus sp. (unidentified thornyhead)",NA
"GOA","Sebastolobus spp.",30010,250,43,0,0,0,0,0,"Southeastern",300,"EASTERN GOA",8826010200,"Sebastolobus sp. (unidentified thornyhead)",NA
"GOA","Sebastolobus spp.",30010,251,118,0,0,0,0,0,"Southeastern",300,"EASTERN GOA",8826010200,"Sebastolobus sp. (unidentified thornyhead)",NA
"GOA","Sebastolobus spp.",30010,310,76,0,0,0,0,0,"Shumagin",500,"WESTERN GOA",8826010200,"Sebastolobus sp. (unidentified thornyhead)",NA
"GOA","Sebastolobus spp.",30010,320,55,0,0,0,0,0,"Chirikof",500,"CENTRAL GOA",8826010200,"Sebastolobus sp. (unidentified thornyhead)",NA
"GOA","Sebastolobus spp.",30010,330,82,0,0,0,0,0,"Kodiak",500,"CENTRAL GOA",8826010200,"Sebastolobus sp. (unidentified thornyhead)",NA
"GOA","Sebastolobus spp.",30010,340,38,0,0,0,0,0,"Yakutat",500,"EASTERN GOA",8826010200,"Sebastolobus sp. (unidentified thornyhead)",NA
"GOA","Sebastolobus spp.",30010,341,33,0,0,0,0,0,"Yakutat",500,"EASTERN GOA",8826010200,"Sebastolobus sp. (unidentified thornyhead)",NA
"GOA","Sebastolobus spp.",30010,350,60,0,0,0,0,0,"Southeastern",500,"EASTERN GOA",8826010200,"Sebastolobus sp. (unidentified thornyhead)",NA
"GOA","Sebastolobus spp.",30010,351,10,0,0,0,0,0,"Southeastern",500,"EASTERN GOA",8826010200,"Sebastolobus sp. (unidentified thornyhead)",NA
"GOA","Sebastolobus spp.",30010,410,33,0,0,0,0,0,"Shumagin",700,"WESTERN GOA",8826010200,"Sebastolobus sp. (unidentified thornyhead)",NA
"GOA","Sebastolobus spp.",30010,420,33,0,0,0,0,0,"Chirikof",700,"CENTRAL GOA",8826010200,"Sebastolobus sp. (unidentified thornyhead)",NA
"GOA","Sebastolobus spp.",30010,430,38,0,0,0,0,0,"Kodiak",700,"CENTRAL GOA",8826010200,"Sebastolobus sp. (unidentified thornyhead)",NA
"GOA","Sebastolobus spp.",30010,440,18,0,0,0,0,0,"Yakutat",700,"EASTERN GOA",8826010200,"Sebastolobus sp. (unidentified thornyhead)",NA
"GOA","Sebastolobus spp.",30010,450,8,0,0,0,0,0,"Southeastern",700,"EASTERN GOA",8826010200,"Sebastolobus sp. (unidentified thornyhead)",NA
"GOA","Sebastolobus spp.",30010,510,9,0,0,0,0,0,"Shumagin",1000,"WESTERN GOA",8826010200,"Sebastolobus sp. (unidentified thornyhead)",NA
"GOA","Sebastolobus spp.",30010,520,29,0,0,0,0,0,"Chirikof",1000,"CENTRAL GOA",8826010200,"Sebastolobus sp. (unidentified thornyhead)",NA
"GOA","Sebastolobus spp.",30010,530,21,0,0,0,0,0,"Kodiak",1000,"CENTRAL GOA",8826010200,"Sebastolobus sp. (unidentified thornyhead)",NA
"GOA","Sebastolobus spp.",30010,540,8,0,0,0,0,0,"Yakutat",1000,"EASTERN GOA",8826010200,"Sebastolobus sp. (unidentified thornyhead)",NA
"GOA","Sebastolobus spp.",30010,550,4,0,0,0,0,0,"Southeastern",1000,"EASTERN GOA",8826010200,"Sebastolobus sp. (unidentified thornyhead)",NA
"GOA","Shortsp Thorny",30020,10,176,4,0.336558574718813,1.05913654035416,89.7423261956415,8825.48611426684,"Shumagin",100,"WESTERN GOA",8826010201,"Sebastolobus alascanus ",NA
"GOA","Shortsp Thorny",30020,11,321,2,0.0791548638944136,0.835617342396925,34.6539766163735,11432.2822451118,"Shumagin",100,"WESTERN GOA",8826010201,"Sebastolobus alascanus ",NA
"GOA","Shortsp Thorny",30020,12,186,0,0,0,0,0,"Shumagin",100,"WESTERN GOA",8826010201,"Sebastolobus alascanus ",NA
"GOA","Shortsp Thorny",30020,13,233,4,0.44543712005599,1.63566997138579,176.73218765894,20280.3268488484,"Shumagin",100,"WESTERN GOA",8826010201,"Sebastolobus alascanus ",NA
"GOA","Shortsp Thorny",30020,20,144,0,NA,NA,NA,NA,"Chirikof",100,"CENTRAL GOA",8826010201,"Sebastolobus alascanus ",NA
"GOA","Shortsp Thorny",30020,21,161,3,NA,NA,NA,NA,"Chirikof",100,"CENTRAL GOA",8826010201,"Sebastolobus alascanus ",NA
"GOA","Shortsp Thorny",30020,22,235,2,0.0644135633097616,0.22483373656056,22.2448623424546,2426.4083829664,"Chirikof",100,"CENTRAL GOA",8826010201,"Sebastolobus alascanus ",NA
"GOA","Shortsp Thorny",30020,30,134,0,0,0,0,0,"Kodiak",100,"CENTRAL GOA",8826010201,"Sebastolobus alascanus ",NA
"GOA","Shortsp Thorny",30020,31,347,2,0.0882105511682332,0.476900371527041,43.4790427710502,7345.76652698563,"Kodiak",100,"CENTRAL GOA",8826010201,"Sebastolobus alascanus ",NA
"GOA","Shortsp Thorny",30020,32,142,0,0,0,0,0,"Kodiak",100,"CENTRAL GOA",8826010201,"Sebastolobus alascanus ",NA
"GOA","Shortsp Thorny",30020,33,70,13,4.78781693679526,13.7364593299382,805.89791003302,72254.9024651399,"Kodiak",100,"CENTRAL GOA",8826010201,"Sebastolobus alascanus ",NA
"GOA","Shortsp Thorny",30020,35,55,0,0,0,0,0,"Kodiak",100,"CENTRAL GOA",8826010201,"Sebastolobus alascanus ",NA
"GOA","Shortsp Thorny",30020,40,120,10,15.0122625397886,41.6781140131918,4778.52758804665,414577.784956496,"Yakutat",100,"EASTERN GOA",8826010201,"Sebastolobus alascanus ",NA
"GOA","Shortsp Thorny",30020,41,88,5,1.21965323491522,2.29684480381028,262.052157175156,15421.7280346714,"Yakutat",100,"EASTERN GOA",8826010201,"Sebastolobus alascanus ",NA
"GOA","Shortsp Thorny",30020,50,41,3,0.285923527268151,1.57026361291841,59.8959467085977,10279.4559458381,"Southeastern",100,"EASTERN GOA",8826010201,"Sebastolobus alascanus ",NA
"GOA","Shortsp Thorny",30020,110,108,1,0.180163793065878,0.514753694473937,24.4752714663443,2185.29209520932,"Shumagin",200,"WESTERN GOA",8826010201,"Sebastolobus alascanus ",NA
"GOA","Shortsp Thorny",30020,111,263,82,NA,NA,NA,NA,"Shumagin",200,"WESTERN GOA",8826010201,"Sebastolobus alascanus ",NA
"GOA","Shortsp Thorny",30020,112,56,1,0.209980431030612,0.402261362127609,15.3083595888654,916.448730176329,"Shumagin",200,"WESTERN GOA",8826010201,"Sebastolobus alascanus ",NA
"GOA","Shortsp Thorny",30020,120,269,19,10.21012596113,29.5911923899662,3627.95637975361,328581.754354688,"Chirikof",200,"CENTRAL GOA",8826010201,"Sebastolobus alascanus ",NA
"GOA","Shortsp Thorny",30020,121,219,6,1.01507485222677,1.81358409590481,251.238951630571,14027.3820062832,"Chirikof",200,"CENTRAL GOA",8826010201,"Sebastolobus alascanus ",NA
"GOA","Shortsp Thorny",30020,122,167,52,41.2138805817421,95.0070627415897,6608.38264186871,476055.499547668,"Chirikof",200,"CENTRAL GOA",8826010201,"Sebastolobus alascanus ",NA
"GOA","Shortsp Thorny",30020,130,239,16,3.24201587665394,11.4413850468951,820.803205200439,90521.6641793984,"Kodiak",200,"CENTRAL GOA",8826010201,"Sebastolobus alascanus ",NA
"GOA","Shortsp Thorny",30020,131,221,43,46.7069044330464,131.531261487773,10965.1400670851,964966.209841418,"Kodiak",200,"CENTRAL GOA",8826010201,"Sebastolobus alascanus ",NA
"GOA","Shortsp Thorny",30020,132,214,2,0.343255555537193,0.284296279026629,120.614817683859,3121.79432621747,"Kodiak",200,"CENTRAL GOA",8826010201,"Sebastolobus alascanus ",NA
"GOA","Shortsp Thorny",30020,133,241,83,54.8674237921048,182.799498488932,21204.3033817252,2207671.55404532,"Kodiak",200,"CENTRAL GOA",8826010201,"Sebastolobus alascanus ",NA
"GOA","Shortsp Thorny",30020,134,177,59,53.0988861521537,237.556720330534,8539.67041973794,1193913.99037752,"Kodiak",200,"CENTRAL GOA",8826010201,"Sebastolobus alascanus ",NA
"GOA","Shortsp Thorny",30020,140,147,85,85.1390397431629,236.579076764559,20012.7281930424,1737816.44917713,"Yakutat",200,"EASTERN GOA",8826010201,"Sebastolobus alascanus ",NA
"GOA","Shortsp Thorny",30020,141,99,83,138.825627523717,729.065933541249,23440.6872164893,3846958.68415454,"Yakutat",200,"EASTERN GOA",8826010201,"Sebastolobus alascanus ",NA
"GOA","Shortsp Thorny",30020,142,136,51,43.7750750994107,213.438298506653,12651.9128285014,1927754.22203543,"Yakutat",200,"EASTERN GOA",8826010201,"Sebastolobus alascanus ",NA
"GOA","Shortsp Thorny",30020,143,113,26,43.5103025020023,179.497626677569,10759.2707649152,1387073.47457734,"Yakutat",200,"EASTERN GOA",8826010201,"Sebastolobus alascanus ",NA
"GOA","Shortsp Thorny",30020,150,68,62,123.865632933884,713.245198420602,16633.2003987954,2993049.31223864,"Southeastern",200,"EASTERN GOA",8826010201,"Sebastolobus alascanus ",NA
"GOA","Shortsp Thorny",30020,151,141,35,8.4691253061902,46.0162590042866,1866.68844561569,316952.813485121,"Southeastern",200,"EASTERN GOA",8826010201,"Sebastolobus alascanus ",NA
"GOA","Shortsp Thorny",30020,210,100,186,1389.66492571797,5926.82936057664,123978.078079696,16523697.9889903,"Shumagin",300,"WESTERN GOA",8826010201,"Sebastolobus alascanus ",NA
"GOA","Shortsp Thorny",30020,220,203,58,75.3150701393636,162.18366022545,24143.6857573141,1624721.03865161,"Chirikof",300,"CENTRAL GOA",8826010201,"Sebastolobus alascanus ",NA
"GOA","Shortsp Thorny",30020,221,63,114,1712.03476341228,5977.29169191918,167457.599063994,9135172.59755207,"Chirikof",300,"CENTRAL GOA",8826010201,"Sebastolobus alascanus ",NA
"GOA","Shortsp Thorny",30020,230,160,240,879.277107786567,2770.30309981606,187376.343303051,18448722.6811011,"Kodiak",300,"CENTRAL GOA",8826010201,"Sebastolobus alascanus ",NA
"GOA","Shortsp Thorny",30020,231,57,106,1440.0956142367,6133.93507657436,74775.0177599704,9953008.93034063,"Kodiak",300,"CENTRAL GOA",8826010201,"Sebastolobus alascanus ",NA
"GOA","Shortsp Thorny",30020,232,58,9,21.2840493388412,38.1006038805086,2185.08997626248,122235.386085752,"Kodiak",300,"CENTRAL GOA",8826010201,"Sebastolobus alascanus ",NA
"GOA","Shortsp Thorny",30020,240,101,163,787.101229713096,3240.4589852039,76637.2887344552,9859754.27565686,"Yakutat",300,"EASTERN GOA",8826010201,"Sebastolobus alascanus ",NA
"GOA","Shortsp Thorny",30020,241,70,136,811.547308871246,4253.35148625253,55246.1934218441,9048358.77757635,"Yakutat",300,"EASTERN GOA",8826010201,"Sebastolobus alascanus ",NA
"GOA","Shortsp Thorny",30020,250,43,87,1269.61469545961,7503.19933003743,45716.7734861526,8443065.08451657,"Southeastern",300,"EASTERN GOA",8826010201,"Sebastolobus alascanus ",NA
"GOA","Shortsp Thorny",30020,251,118,195,380.424046248883,1986.97098542678,47806.3499355579,7802956.26500107,"Southeastern",300,"EASTERN GOA",8826010201,"Sebastolobus alascanus ",NA
"GOA","Shortsp Thorny",30020,310,76,132,1878.775908945,7043.69384884926,152171.890621011,17828300.5445162,"Shumagin",500,"WESTERN GOA",8826010201,"Sebastolobus alascanus ",NA
"GOA","Shortsp Thorny",30020,320,55,114,2554.59894817936,8168.878009392,131119.266672663,13102561.7408224,"Chirikof",500,"CENTRAL GOA",8826010201,"Sebastolobus alascanus ",NA
"GOA","Shortsp Thorny",30020,330,82,151,1599.19114110014,7393.5873897174,149007.20607136,21528418.56017,"Kodiak",500,"CENTRAL GOA",8826010201,"Sebastolobus alascanus ",NA
"GOA","Shortsp Thorny",30020,340,38,69,989.272337865347,4137.56645881176,35050.1880126452,4581097.03293055,"Yakutat",500,"EASTERN GOA",8826010201,"Sebastolobus alascanus ",NA
"GOA","Shortsp Thorny",30020,341,33,84,1974.4216224985,9164.66836804577,96072.3234391647,13935583.9330779,"Yakutat",500,"EASTERN GOA",8826010201,"Sebastolobus alascanus ",NA
"GOA","Shortsp Thorny",30020,350,60,122,1407.49208290749,4546.41721553712,105587.894151881,10658288.6316485,"Southeastern",500,"EASTERN GOA",8826010201,"Sebastolobus alascanus ",NA
"GOA","Shortsp Thorny",30020,351,10,52,3664.86542917168,21489.6159313133,90614.2375201213,16604166.6454885,"Southeastern",500,"EASTERN GOA",8826010201,"Sebastolobus alascanus ",NA
"GOA","Shortsp Thorny",30020,410,33,53,1963.30957120799,6620.63897707516,126003.826110191,13278373.3943389,"Shumagin",700,"WESTERN GOA",8826010201,"Sebastolobus alascanus ",NA
"GOA","Shortsp Thorny",30020,420,33,61,1710.76984009354,5140.77846740318,106927.768299811,10041019.9103166,"Chirikof",700,"CENTRAL GOA",8826010201,"Sebastolobus alascanus ",NA
"GOA","Shortsp Thorny",30020,430,38,58,1569.98056694473,7177.03944800661,87659.4253608005,12522749.6252626,"Kodiak",700,"CENTRAL GOA",8826010201,"Sebastolobus alascanus ",NA
"GOA","Shortsp Thorny",30020,440,18,33,1849.30739074989,6977.99733043943,86947.3913505159,10252464.4457321,"Yakutat",700,"EASTERN GOA",8826010201,"Sebastolobus alascanus ",NA
"GOA","Shortsp Thorny",30020,450,8,32,1720.93901618122,4717.420093999,56912.6923412047,4875264.97034421,"Southeastern",700,"EASTERN GOA",8826010201,"Sebastolobus alascanus ",NA
"GOA","Shortsp Thorny",30020,510,9,15,875.161974724684,2357.79542339835,54252.2009816369,4567568.45011574,"Shumagin",1000,"WESTERN GOA",8826010201,"Sebastolobus alascanus ",NA
"GOA","Shortsp Thorny",30020,520,29,32,762.562771594659,1693.4152107967,74805.5777427843,5191248.99945781,"Chirikof",1000,"CENTRAL GOA",8826010201,"Sebastolobus alascanus ",NA
"GOA","Shortsp Thorny",30020,530,21,32,938.19251728513,2786.32568268288,104893.31593662,9735040.20867546,"Kodiak",1000,"CENTRAL GOA",8826010201,"Sebastolobus alascanus ",NA
"GOA","Shortsp Thorny",30020,540,8,11,1387.44296547992,3791.15354241766,83797.6480755964,7155468.68980159,"Yakutat",1000,"EASTERN GOA",8826010201,"Sebastolobus alascanus ",NA
"GOA","Shortsp Thorny",30020,550,4,10,324.245559418312,599.082782574695,12516.8539241896,722699.920262288,"Southeastern",1000,"EASTERN GOA",8826010201,"Sebastolobus alascanus ",NA
"GOA","Longspine thornyhead",30030,10,176,0,0,0,0,0,"Shumagin",100,"WESTERN GOA",8826010202,"Sebastolobus altivelis (longspine thornyhead)",NA
"GOA","Longspine thornyhead",30030,11,321,0,0,0,0,0,"Shumagin",100,"WESTERN GOA",8826010202,"Sebastolobus altivelis (longspine thornyhead)",NA
"GOA","Longspine thornyhead",30030,12,186,0,0,0,0,0,"Shumagin",100,"WESTERN GOA",8826010202,"Sebastolobus altivelis (longspine thornyhead)",NA
"GOA","Longspine thornyhead",30030,13,233,0,0,0,0,0,"Shumagin",100,"WESTERN GOA",8826010202,"Sebastolobus altivelis (longspine thornyhead)",NA
"GOA","Longspine thornyhead",30030,20,144,0,NA,NA,NA,NA,"Chirikof",100,"CENTRAL GOA",8826010202,"Sebastolobus altivelis (longspine thornyhead)",NA
"GOA","Longspine thornyhead",30030,21,161,0,NA,NA,NA,NA,"Chirikof",100,"CENTRAL GOA",8826010202,"Sebastolobus altivelis (longspine thornyhead)",NA
"GOA","Longspine thornyhead",30030,22,235,0,0,0,0,0,"Chirikof",100,"CENTRAL GOA",8826010202,"Sebastolobus altivelis (longspine thornyhead)",NA
"GOA","Longspine thornyhead",30030,30,134,0,0,0,0,0,"Kodiak",100,"CENTRAL GOA",8826010202,"Sebastolobus altivelis (longspine thornyhead)",NA
"GOA","Longspine thornyhead",30030,31,347,0,0,0,0,0,"Kodiak",100,"CENTRAL GOA",8826010202,"Sebastolobus altivelis (longspine thornyhead)",NA
"GOA","Longspine thornyhead",30030,32,142,0,0,0,0,0,"Kodiak",100,"CENTRAL GOA",8826010202,"Sebastolobus altivelis (longspine thornyhead)",NA
"GOA","Longspine thornyhead",30030,33,70,0,0,0,0,0,"Kodiak",100,"CENTRAL GOA",8826010202,"Sebastolobus altivelis (longspine thornyhead)",NA
"GOA","Longspine thornyhead",30030,35,55,0,0,0,0,0,"Kodiak",100,"CENTRAL GOA",8826010202,"Sebastolobus altivelis (longspine thornyhead)",NA
"GOA","Longspine thornyhead",30030,40,120,0,0,0,0,0,"Yakutat",100,"EASTERN GOA",8826010202,"Sebastolobus altivelis (longspine thornyhead)",NA
"GOA","Longspine thornyhead",30030,41,88,0,0,0,0,0,"Yakutat",100,"EASTERN GOA",8826010202,"Sebastolobus altivelis (longspine thornyhead)",NA
"GOA","Longspine thornyhead",30030,50,41,0,0,0,0,0,"Southeastern",100,"EASTERN GOA",8826010202,"Sebastolobus altivelis (longspine thornyhead)",NA
"GOA","Longspine thornyhead",30030,110,108,0,0,0,0,0,"Shumagin",200,"WESTERN GOA",8826010202,"Sebastolobus altivelis (longspine thornyhead)",NA
"GOA","Longspine thornyhead",30030,111,263,0,NA,NA,NA,NA,"Shumagin",200,"WESTERN GOA",8826010202,"Sebastolobus altivelis (longspine thornyhead)",NA
"GOA","Longspine thornyhead",30030,112,56,0,0,0,0,0,"Shumagin",200,"WESTERN GOA",8826010202,"Sebastolobus altivelis (longspine thornyhead)",NA
"GOA","Longspine thornyhead",30030,120,269,0,0,0,0,0,"Chirikof",200,"CENTRAL GOA",8826010202,"Sebastolobus altivelis (longspine thornyhead)",NA
"GOA","Longspine thornyhead",30030,121,219,0,0,0,0,0,"Chirikof",200,"CENTRAL GOA",8826010202,"Sebastolobus altivelis (longspine thornyhead)",NA
"GOA","Longspine thornyhead",30030,122,167,0,0,0,0,0,"Chirikof",200,"CENTRAL GOA",8826010202,"Sebastolobus altivelis (longspine thornyhead)",NA
"GOA","Longspine thornyhead",30030,130,239,0,0,0,0,0,"Kodiak",200,"CENTRAL GOA",8826010202,"Sebastolobus altivelis (longspine thornyhead)",NA
"GOA","Longspine thornyhead",30030,131,221,0,0,0,0,0,"Kodiak",200,"CENTRAL GOA",8826010202,"Sebastolobus altivelis (longspine thornyhead)",NA
"GOA","Longspine thornyhead",30030,132,214,0,0,0,0,0,"Kodiak",200,"CENTRAL GOA",8826010202,"Sebastolobus altivelis (longspine thornyhead)",NA
"GOA","Longspine thornyhead",30030,133,241,0,0,0,0,0,"Kodiak",200,"CENTRAL GOA",8826010202,"Sebastolobus altivelis (longspine thornyhead)",NA
"GOA","Longspine thornyhead",30030,134,177,0,0,0,0,0,"Kodiak",200,"CENTRAL GOA",8826010202,"Sebastolobus altivelis (longspine thornyhead)",NA
"GOA","Longspine thornyhead",30030,140,147,0,0,0,0,0,"Yakutat",200,"EASTERN GOA",8826010202,"Sebastolobus altivelis (longspine thornyhead)",NA
"GOA","Longspine thornyhead",30030,141,99,0,0,0,0,0,"Yakutat",200,"EASTERN GOA",8826010202,"Sebastolobus altivelis (longspine thornyhead)",NA
"GOA","Longspine thornyhead",30030,142,136,0,0,0,0,0,"Yakutat",200,"EASTERN GOA",8826010202,"Sebastolobus altivelis (longspine thornyhead)",NA
"GOA","Longspine thornyhead",30030,143,113,0,0,0,0,0,"Yakutat",200,"EASTERN GOA",8826010202,"Sebastolobus altivelis (longspine thornyhead)",NA
"GOA","Longspine thornyhead",30030,150,68,0,0,0,0,0,"Southeastern",200,"EASTERN GOA",8826010202,"Sebastolobus altivelis (longspine thornyhead)",NA
"GOA","Longspine thornyhead",30030,151,141,0,0,0,0,0,"Southeastern",200,"EASTERN GOA",8826010202,"Sebastolobus altivelis (longspine thornyhead)",NA
"GOA","Longspine thornyhead",30030,210,100,0,0,0,0,0,"Shumagin",300,"WESTERN GOA",8826010202,"Sebastolobus altivelis (longspine thornyhead)",NA
"GOA","Longspine thornyhead",30030,220,203,0,0,0,0,0,"Chirikof",300,"CENTRAL GOA",8826010202,"Sebastolobus altivelis (longspine thornyhead)",NA
"GOA","Longspine thornyhead",30030,221,63,0,0,0,0,0,"Chirikof",300,"CENTRAL GOA",8826010202,"Sebastolobus altivelis (longspine thornyhead)",NA
"GOA","Longspine thornyhead",30030,230,160,0,0,0,0,0,"Kodiak",300,"CENTRAL GOA",8826010202,"Sebastolobus altivelis (longspine thornyhead)",NA
"GOA","Longspine thornyhead",30030,231,57,0,0,0,0,0,"Kodiak",300,"CENTRAL GOA",8826010202,"Sebastolobus altivelis (longspine thornyhead)",NA
"GOA","Longspine thornyhead",30030,232,58,0,0,0,0,0,"Kodiak",300,"CENTRAL GOA",8826010202,"Sebastolobus altivelis (longspine thornyhead)",NA
"GOA","Longspine thornyhead",30030,240,101,0,0,0,0,0,"Yakutat",300,"EASTERN GOA",8826010202,"Sebastolobus altivelis (longspine thornyhead)",NA
"GOA","Longspine thornyhead",30030,241,70,0,0,0,0,0,"Yakutat",300,"EASTERN GOA",8826010202,"Sebastolobus altivelis (longspine thornyhead)",NA
"GOA","Longspine thornyhead",30030,250,43,0,0,0,0,0,"Southeastern",300,"EASTERN GOA",8826010202,"Sebastolobus altivelis (longspine thornyhead)",NA
"GOA","Longspine thornyhead",30030,251,118,0,0,0,0,0,"Southeastern",300,"EASTERN GOA",8826010202,"Sebastolobus altivelis (longspine thornyhead)",NA
"GOA","Longspine thornyhead",30030,310,76,0,0,0,0,0,"Shumagin",500,"WESTERN GOA",8826010202,"Sebastolobus altivelis (longspine thornyhead)",NA
"GOA","Longspine thornyhead",30030,320,55,0,0,0,0,0,"Chirikof",500,"CENTRAL GOA",8826010202,"Sebastolobus altivelis (longspine thornyhead)",NA
"GOA","Longspine thornyhead",30030,330,82,0,0,0,0,0,"Kodiak",500,"CENTRAL GOA",8826010202,"Sebastolobus altivelis (longspine thornyhead)",NA
"GOA","Longspine thornyhead",30030,340,38,0,0,0,0,0,"Yakutat",500,"EASTERN GOA",8826010202,"Sebastolobus altivelis (longspine thornyhead)",NA
"GOA","Longspine thornyhead",30030,341,33,0,0,0,0,0,"Yakutat",500,"EASTERN GOA",8826010202,"Sebastolobus altivelis (longspine thornyhead)",NA
"GOA","Longspine thornyhead",30030,350,60,1,0.0560234348102754,0.345823671668366,2.10139601373549,810.723770731286,"Southeastern",500,"EASTERN GOA",8826010202,"Sebastolobus altivelis (longspine thornyhead)",NA
"GOA","Longspine thornyhead",30030,351,10,0,0,0,0,0,"Southeastern",500,"EASTERN GOA",8826010202,"Sebastolobus altivelis (longspine thornyhead)",NA
"GOA","Longspine thornyhead",30030,410,33,2,1.62919514474214,8.63734307337553,52.2802987180844,17323.0811799912,"Shumagin",700,"WESTERN GOA",8826010202,"Sebastolobus altivelis (longspine thornyhead)",NA
"GOA","Longspine thornyhead",30030,420,33,1,0.253014428017132,0.588405646551469,7.90704497515746,1149.27979290079,"Chirikof",700,"CENTRAL GOA",8826010202,"Sebastolobus altivelis (longspine thornyhead)",NA
"GOA","Longspine thornyhead",30030,430,38,4,34.957695915202,240.703256489074,975.926581635224,419987.466536114,"Kodiak",700,"CENTRAL GOA",8826010202,"Sebastolobus altivelis (longspine thornyhead)",NA
"GOA","Longspine thornyhead",30030,440,18,2,2.16389879888978,15.676064196945,50.8691406985856,23032.1513777467,"Yakutat",700,"EASTERN GOA",8826010202,"Sebastolobus altivelis (longspine thornyhead)",NA
"GOA","Longspine thornyhead",30030,450,8,28,929.379087929645,8800.14426045773,15367.6177953883,9094597.08741265,"Southeastern",700,"EASTERN GOA",8826010202,"Sebastolobus altivelis (longspine thornyhead)",NA
"GOA","Longspine thornyhead",30030,510,9,1,9.20374574151834,33.1218920072635,285.274885206147,64164.391634311,"Shumagin",1000,"WESTERN GOA",8826010202,"Sebastolobus altivelis (longspine thornyhead)",NA
"GOA","Longspine thornyhead",30030,520,29,15,52.1037409759138,222.533674096882,2555.6259703794,682188.104627697,"Chirikof",1000,"CENTRAL GOA",8826010202,"Sebastolobus altivelis (longspine thornyhead)",NA
"GOA","Longspine thornyhead",30030,530,21,24,391.404395965041,1954.03531740094,21880.2133935937,6827131.69616039,"Kodiak",1000,"CENTRAL GOA",8826010202,"Sebastolobus altivelis (longspine thornyhead)",NA
"GOA","Longspine thornyhead",30030,540,8,9,94.613509564887,747.530576178542,2857.19477303812,1410898.17984629,"Yakutat",1000,"EASTERN GOA",8826010202,"Sebastolobus altivelis (longspine thornyhead)",NA
"GOA","Longspine thornyhead",30030,550,4,10,723.130837640021,6441.29790964309,13957.5127552322,7770421.08551049,"Southeastern",1000,"EASTERN GOA",8826010202,"Sebastolobus altivelis (longspine thornyhead)",NA
"GOA","Bighand thornyhead",30025,10,176,0,0,0,0,0,"Shumagin",100,"WESTERN GOA",8826010203,"Sebastolobus macrochir ",NA
"GOA","Bighand thornyhead",30025,11,321,0,0,0,0,0,"Shumagin",100,"WESTERN GOA",8826010203,"Sebastolobus macrochir ",NA
"GOA","Bighand thornyhead",30025,12,186,0,0,0,0,0,"Shumagin",100,"WESTERN GOA",8826010203,"Sebastolobus macrochir ",NA
"GOA","Bighand thornyhead",30025,13,233,0,0,0,0,0,"Shumagin",100,"WESTERN GOA",8826010203,"Sebastolobus macrochir ",NA
"GOA","Bighand thornyhead",30025,20,144,0,NA,NA,NA,NA,"Chirikof",100,"CENTRAL GOA",8826010203,"Sebastolobus macrochir ",NA
"GOA","Bighand thornyhead",30025,21,161,0,NA,NA,NA,NA,"Chirikof",100,"CENTRAL GOA",8826010203,"Sebastolobus macrochir ",NA
"GOA","Bighand thornyhead",30025,22,235,0,0,0,0,0,"Chirikof",100,"CENTRAL GOA",8826010203,"Sebastolobus macrochir ",NA
"GOA","Bighand thornyhead",30025,30,134,0,0,0,0,0,"Kodiak",100,"CENTRAL GOA",8826010203,"Sebastolobus macrochir ",NA
"GOA","Bighand thornyhead",30025,31,347,0,0,0,0,0,"Kodiak",100,"CENTRAL GOA",8826010203,"Sebastolobus macrochir ",NA
"GOA","Bighand thornyhead",30025,32,142,0,0,0,0,0,"Kodiak",100,"CENTRAL GOA",8826010203,"Sebastolobus macrochir ",NA
"GOA","Bighand thornyhead",30025,33,70,0,0,0,0,0,"Kodiak",100,"CENTRAL GOA",8826010203,"Sebastolobus macrochir ",NA
"GOA","Bighand thornyhead",30025,35,55,0,0,0,0,0,"Kodiak",100,"CENTRAL GOA",8826010203,"Sebastolobus macrochir ",NA
"GOA","Bighand thornyhead",30025,40,120,0,0,0,0,0,"Yakutat",100,"EASTERN GOA",8826010203,"Sebastolobus macrochir ",NA
"GOA","Bighand thornyhead",30025,41,88,0,0,0,0,0,"Yakutat",100,"EASTERN GOA",8826010203,"Sebastolobus macrochir ",NA
"GOA","Bighand thornyhead",30025,50,41,0,0,0,0,0,"Southeastern",100,"EASTERN GOA",8826010203,"Sebastolobus macrochir ",NA
"GOA","Bighand thornyhead",30025,110,108,0,0,0,0,0,"Shumagin",200,"WESTERN GOA",8826010203,"Sebastolobus macrochir ",NA
"GOA","Bighand thornyhead",30025,111,263,0,NA,NA,NA,NA,"Shumagin",200,"WESTERN GOA",8826010203,"Sebastolobus macrochir ",NA
"GOA","Bighand thornyhead",30025,112,56,0,0,0,0,0,"Shumagin",200,"WESTERN GOA",8826010203,"Sebastolobus macrochir ",NA
"GOA","Bighand thornyhead",30025,120,269,0,0,0,0,0,"Chirikof",200,"CENTRAL GOA",8826010203,"Sebastolobus macrochir ",NA
"GOA","Bighand thornyhead",30025,121,219,0,0,0,0,0,"Chirikof",200,"CENTRAL GOA",8826010203,"Sebastolobus macrochir ",NA
"GOA","Bighand thornyhead",30025,122,167,0,0,0,0,0,"Chirikof",200,"CENTRAL GOA",8826010203,"Sebastolobus macrochir ",NA
"GOA","Bighand thornyhead",30025,130,239,0,0,0,0,0,"Kodiak",200,"CENTRAL GOA",8826010203,"Sebastolobus macrochir ",NA
"GOA","Bighand thornyhead",30025,131,221,0,0,0,0,0,"Kodiak",200,"CENTRAL GOA",8826010203,"Sebastolobus macrochir ",NA
"GOA","Bighand thornyhead",30025,132,214,0,0,0,0,0,"Kodiak",200,"CENTRAL GOA",8826010203,"Sebastolobus macrochir ",NA
"GOA","Bighand thornyhead",30025,133,241,0,0,0,0,0,"Kodiak",200,"CENTRAL GOA",8826010203,"Sebastolobus macrochir ",NA
"GOA","Bighand thornyhead",30025,134,177,0,0,0,0,0,"Kodiak",200,"CENTRAL GOA",8826010203,"Sebastolobus macrochir ",NA
"GOA","Bighand thornyhead",30025,140,147,0,0,0,0,0,"Yakutat",200,"EASTERN GOA",8826010203,"Sebastolobus macrochir ",NA
"GOA","Bighand thornyhead",30025,141,99,0,0,0,0,0,"Yakutat",200,"EASTERN GOA",8826010203,"Sebastolobus macrochir ",NA
"GOA","Bighand thornyhead",30025,142,136,0,0,0,0,0,"Yakutat",200,"EASTERN GOA",8826010203,"Sebastolobus macrochir ",NA
"GOA","Bighand thornyhead",30025,143,113,0,0,0,0,0,"Yakutat",200,"EASTERN GOA",8826010203,"Sebastolobus macrochir ",NA
"GOA","Bighand thornyhead",30025,150,68,0,0,0,0,0,"Southeastern",200,"EASTERN GOA",8826010203,"Sebastolobus macrochir ",NA
"GOA","Bighand thornyhead",30025,151,141,0,0,0,0,0,"Southeastern",200,"EASTERN GOA",8826010203,"Sebastolobus macrochir ",NA
"GOA","Bighand thornyhead",30025,210,100,0,0,0,0,0,"Shumagin",300,"WESTERN GOA",8826010203,"Sebastolobus macrochir ",NA
"GOA","Bighand thornyhead",30025,220,203,0,0,0,0,0,"Chirikof",300,"CENTRAL GOA",8826010203,"Sebastolobus macrochir ",NA
"GOA","Bighand thornyhead",30025,221,63,1,0.0287974614766034,0.0905580549578724,0.704184555867075,138.401052646831,"Chirikof",300,"CENTRAL GOA",8826010203,"Sebastolobus macrochir ",NA
"GOA","Bighand thornyhead",30025,230,160,0,0,0,0,0,"Kodiak",300,"CENTRAL GOA",8826010203,"Sebastolobus macrochir ",NA
"GOA","Bighand thornyhead",30025,231,57,0,0,0,0,0,"Kodiak",300,"CENTRAL GOA",8826010203,"Sebastolobus macrochir ",NA
"GOA","Bighand thornyhead",30025,232,58,0,0,0,0,0,"Kodiak",300,"CENTRAL GOA",8826010203,"Sebastolobus macrochir ",NA
"GOA","Bighand thornyhead",30025,240,101,0,0,0,0,0,"Yakutat",300,"EASTERN GOA",8826010203,"Sebastolobus macrochir ",NA
"GOA","Bighand thornyhead",30025,241,70,0,0,0,0,0,"Yakutat",300,"EASTERN GOA",8826010203,"Sebastolobus macrochir ",NA
"GOA","Bighand thornyhead",30025,250,43,0,0,0,0,0,"Southeastern",300,"EASTERN GOA",8826010203,"Sebastolobus macrochir ",NA
"GOA","Bighand thornyhead",30025,251,118,0,0,0,0,0,"Southeastern",300,"EASTERN GOA",8826010203,"Sebastolobus macrochir ",NA
"GOA","Bighand thornyhead",30025,310,76,0,0,0,0,0,"Shumagin",500,"WESTERN GOA",8826010203,"Sebastolobus macrochir ",NA
"GOA","Bighand thornyhead",30025,320,55,0,0,0,0,0,"Chirikof",500,"CENTRAL GOA",8826010203,"Sebastolobus macrochir ",NA
"GOA","Bighand thornyhead",30025,330,82,0,0,0,0,0,"Kodiak",500,"CENTRAL GOA",8826010203,"Sebastolobus macrochir ",NA
"GOA","Bighand thornyhead",30025,340,38,0,0,0,0,0,"Yakutat",500,"EASTERN GOA",8826010203,"Sebastolobus macrochir ",NA
"GOA","Bighand thornyhead",30025,341,33,0,0,0,0,0,"Yakutat",500,"EASTERN GOA",8826010203,"Sebastolobus macrochir ",NA
"GOA","Bighand thornyhead",30025,350,60,0,0,0,0,0,"Southeastern",500,"EASTERN GOA",8826010203,"Sebastolobus macrochir ",NA
"GOA","Bighand thornyhead",30025,351,10,0,0,0,0,0,"Southeastern",500,"EASTERN GOA",8826010203,"Sebastolobus macrochir ",NA
"GOA","Bighand thornyhead",30025,410,33,1,0.165858569568377,0.243909661129966,2.66117155761637,489.185948091244,"Shumagin",700,"WESTERN GOA",8826010203,"Sebastolobus macrochir ",NA
"GOA","Bighand thornyhead",30025,420,33,0,0,0,0,0,"Chirikof",700,"CENTRAL GOA",8826010203,"Sebastolobus macrochir ",NA
"GOA","Bighand thornyhead",30025,430,38,0,0,0,0,0,"Kodiak",700,"CENTRAL GOA",8826010203,"Sebastolobus macrochir ",NA
"GOA","Bighand thornyhead",30025,440,18,0,0,0,0,0,"Yakutat",700,"EASTERN GOA",8826010203,"Sebastolobus macrochir ",NA
"GOA","Bighand thornyhead",30025,450,8,1,0.00735794284632542,2.45264761544181,0.0608331169117078,2534.71320465449,"Southeastern",700,"EASTERN GOA",8826010203,"Sebastolobus macrochir ",NA
"GOA","Bighand thornyhead",30025,510,9,1,0.212171392312419,0.934675737059115,3.28818131692372,1810.67253134566,"Shumagin",1000,"WESTERN GOA",8826010203,"Sebastolobus macrochir ",NA
"GOA","Bighand thornyhead",30025,520,29,0,0,0,0,0,"Chirikof",1000,"CENTRAL GOA",8826010203,"Sebastolobus macrochir ",NA
"GOA","Bighand thornyhead",30025,530,21,0,0,0,0,0,"Kodiak",1000,"CENTRAL GOA",8826010203,"Sebastolobus macrochir ",NA
"GOA","Bighand thornyhead",30025,540,8,0,0,0,0,0,"Yakutat",1000,"EASTERN GOA",8826010203,"Sebastolobus macrochir ",NA
"GOA","Bighand thornyhead",30025,550,4,0,0,0,0,0,"Southeastern",1000,"EASTERN GOA",8826010203,"Sebastolobus macrochir ",NA
"GOA","Dover sole",10180,10,176,13,0.721121123101157,2.13938766905917,24.0355958505809,17826.9141389474,"Shumagin",100,"WESTERN GOA",8857041201,"Microstomus pacificus (Dover sole)",NA
"GOA","Dover sole",10180,11,321,14,0.91324163226671,1.6754069149189,49.9771154490969,22921.6457760719,"Shumagin",100,"WESTERN GOA",8857041201,"Microstomus pacificus (Dover sole)",NA
"GOA","Dover sole",10180,12,186,37,8.27333680176098,18.4056719555407,227.543997873178,126554.142562361,"Shumagin",100,"WESTERN GOA",8857041201,"Microstomus pacificus (Dover sole)",NA
"GOA","Dover sole",10180,13,233,33,3.74508646748099,8.17285458620072,185.738147588209,101333.499541985,"Shumagin",100,"WESTERN GOA",8857041201,"Microstomus pacificus (Dover sole)",NA
"GOA","Dover sole",10180,20,144,58,NA,NA,NA,NA,"Chirikof",100,"CENTRAL GOA",8857041201,"Microstomus pacificus (Dover sole)",NA
"GOA","Dover sole",10180,21,161,17,NA,NA,NA,NA,"Chirikof",100,"CENTRAL GOA",8857041201,"Microstomus pacificus (Dover sole)",NA
"GOA","Dover sole",10180,22,235,73,85.096658425533,87.4368884362477,3673.45663555301,943619.949246647,"Chirikof",100,"CENTRAL GOA",8857041201,"Microstomus pacificus (Dover sole)",NA
"GOA","Dover sole",10180,30,134,118,63.1429164038194,119.849994370832,1456.34716681261,691064.056291798,"Kodiak",100,"CENTRAL GOA",8857041201,"Microstomus pacificus (Dover sole)",NA
"GOA","Dover sole",10180,31,347,37,9.35178691689551,17.5463903976499,576.187794374473,270269.63061439,"Kodiak",100,"CENTRAL GOA",8857041201,"Microstomus pacificus (Dover sole)",NA
"GOA","Dover sole",10180,32,142,21,2.05226792900296,12.3029009315805,81.162106967603,121637.305162425,"Kodiak",100,"CENTRAL GOA",8857041201,"Microstomus pacificus (Dover sole)",NA
"GOA","Dover sole",10180,33,70,57,109.154549110273,155.633262098104,2296.64751597225,818643.720563518,"Kodiak",100,"CENTRAL GOA",8857041201,"Microstomus pacificus (Dover sole)",NA
"GOA","Dover sole",10180,35,55,51,106.0102465955,264.68151927118,932.729882547544,582199.292782311,"Kodiak",100,"CENTRAL GOA",8857041201,"Microstomus pacificus (Dover sole)",NA
"GOA","Dover sole",10180,40,120,93,244.919185119918,409.377391872333,9744.97581423452,4072131.77352461,"Yakutat",100,"EASTERN GOA",8857041201,"Microstomus pacificus (Dover sole)",NA
"GOA","Dover sole",10180,41,88,68,101.611381183785,296.469145012343,2729.00125118438,1990585.74504782,"Yakutat",100,"EASTERN GOA",8857041201,"Microstomus pacificus (Dover sole)",NA
"GOA","Dover sole",10180,50,41,42,205.506635185284,423.750955333505,5381.25289431722,2774011.47267361,"Southeastern",100,"EASTERN GOA",8857041201,"Microstomus pacificus (Dover sole)",NA
"GOA","Dover sole",10180,110,108,49,33.2669161571942,37.5443524268066,564.91428573118,159387.640067161,"Shumagin",200,"WESTERN GOA",8857041201,"Microstomus pacificus (Dover sole)",NA
"GOA","Dover sole",10180,111,263,92,NA,NA,NA,NA,"Shumagin",200,"WESTERN GOA",8857041201,"Microstomus pacificus (Dover sole)",NA
"GOA","Dover sole",10180,112,56,33,29.3587959385234,40.2291083410961,267.545767906294,91651.6442452355,"Shumagin",200,"WESTERN GOA",8857041201,"Microstomus pacificus (Dover sole)",NA
"GOA","Dover sole",10180,120,269,200,74.4187076259589,95.158588632134,3305.39292723298,1056644.67935617,"Chirikof",200,"CENTRAL GOA",8857041201,"Microstomus pacificus (Dover sole)",NA
"GOA","Dover sole",10180,121,219,315,406.329832681932,449.348700803073,12571.225776514,3475540.99885677,"Chirikof",200,"CENTRAL GOA",8857041201,"Microstomus pacificus (Dover sole)",NA
"GOA","Dover sole",10180,122,167,216,120.151896133637,132.654249189674,2408.19868691547,664695.687276167,"Chirikof",200,"CENTRAL GOA",8857041201,"Microstomus pacificus (Dover sole)",NA
"GOA","Dover sole",10180,130,239,326,453.500173223898,508.63303439681,14351.965332034,4024190.12571482,"Kodiak",200,"CENTRAL GOA",8857041201,"Microstomus pacificus (Dover sole)",NA
"GOA","Dover sole",10180,131,221,359,565.554765173912,606.754840065318,16596.5484413257,4451397.42216488,"Kodiak",200,"CENTRAL GOA",8857041201,"Microstomus pacificus (Dover sole)",NA
"GOA","Dover sole",10180,132,214,230,176.944860639417,264.188279686728,7771.96893168952,2900992.84944187,"Kodiak",200,"CENTRAL GOA",8857041201,"Microstomus pacificus (Dover sole)",NA
"GOA","Dover sole",10180,133,241,285,223.801740715494,289.919168367598,10811.4243377607,3501356.98548634,"Kodiak",200,"CENTRAL GOA",8857041201,"Microstomus pacificus (Dover sole)",NA
"GOA","Dover sole",10180,134,177,180,172.094341898322,212.761986408773,3459.65110431455,1069300.46786513,"Kodiak",200,"CENTRAL GOA",8857041201,"Microstomus pacificus (Dover sole)",NA
"GOA","Dover sole",10180,140,147,180,966.402241914482,1279.66261762098,28395.2365608729,9399896.12230972,"Yakutat",200,"EASTERN GOA",8857041201,"Microstomus pacificus (Dover sole)",NA
"GOA","Dover sole",10180,141,99,117,423.994486860228,465.634015242039,8948.92600639292,2456944.8881975,"Yakutat",200,"EASTERN GOA",8857041201,"Microstomus pacificus (Dover sole)",NA
"GOA","Dover sole",10180,142,136,117,140.722794889271,173.157488774464,5083.97909620633,1563941.81549204,"Yakutat",200,"EASTERN GOA",8857041201,"Microstomus pacificus (Dover sole)",NA
"GOA","Dover sole",10180,143,113,102,157.970391744093,262.889091972037,4882.88439713848,2031483.60777577,"Yakutat",200,"EASTERN GOA",8857041201,"Microstomus pacificus (Dover sole)",NA
"GOA","Dover sole",10180,150,68,119,242.520451765245,412.295008010543,4070.83383367817,1730147.3503053,"Southeastern",200,"EASTERN GOA",8857041201,"Microstomus pacificus (Dover sole)",NA
"GOA","Dover sole",10180,151,141,149,124.326663071564,285.482956447099,3425.37064110997,1966362.06866641,"Southeastern",200,"EASTERN GOA",8857041201,"Microstomus pacificus (Dover sole)",NA
"GOA","Dover sole",10180,210,100,84,51.1392245429278,56.4880018673571,570.294199700924,157485.668318096,"Shumagin",300,"WESTERN GOA",8857041201,"Microstomus pacificus (Dover sole)",NA
"GOA","Dover sole",10180,220,203,190,295.735822165101,298.390932550117,11850.4715329929,2989216.20823658,"Chirikof",300,"CENTRAL GOA",8857041201,"Microstomus pacificus (Dover sole)",NA
"GOA","Dover sole",10180,221,63,115,396.078788732778,442.812273235304,4842.65889475646,676755.753745067,"Chirikof",300,"CENTRAL GOA",8857041201,"Microstomus pacificus (Dover sole)",NA
"GOA","Dover sole",10180,230,160,237,655.386800883131,757.230528295938,17458.0887400367,5042746.41396567,"Kodiak",300,"CENTRAL GOA",8857041201,"Microstomus pacificus (Dover sole)",NA
"GOA","Dover sole",10180,231,57,101,541.842020903613,760.997628826908,3516.80179562598,1234805.40650134,"Kodiak",300,"CENTRAL GOA",8857041201,"Microstomus pacificus (Dover sole)",NA
"GOA","Dover sole",10180,232,58,22,31.6856325562114,39.8729917536117,406.618807515666,127921.608714714,"Kodiak",300,"CENTRAL GOA",8857041201,"Microstomus pacificus (Dover sole)",NA
"GOA","Dover sole",10180,240,101,164,1107.96169538522,1275.81896497485,13484.7934977348,3881938.19218587,"Yakutat",300,"EASTERN GOA",8857041201,"Microstomus pacificus (Dover sole)",NA
"GOA","Dover sole",10180,241,70,146,601.596986023802,806.332289899371,5119.22458009505,1715349.38425285,"Yakutat",300,"EASTERN GOA",8857041201,"Microstomus pacificus (Dover sole)",NA
"GOA","Dover sole",10180,250,43,83,582.186375477706,971.943530790331,2620.44882097118,1093691.12134419,"Southeastern",300,"EASTERN GOA",8857041201,"Microstomus pacificus (Dover sole)",NA
"GOA","Dover sole",10180,251,118,227,451.546316885909,979.943002568919,7092.99972294518,3848295.9476113,"Southeastern",300,"EASTERN GOA",8857041201,"Microstomus pacificus (Dover sole)",NA
"GOA","Dover sole",10180,310,76,82,243.547546726145,279.709838874946,2465.77375626437,707973.852886214,"Shumagin",500,"WESTERN GOA",8857041201,"Microstomus pacificus (Dover sole)",NA
"GOA","Dover sole",10180,320,55,111,694.009711833358,909.247470015812,4452.65804560778,1458397.48125403,"Chirikof",500,"CENTRAL GOA",8857041201,"Microstomus pacificus (Dover sole)",NA
"GOA","Dover sole",10180,330,82,150,873.008500355958,1185.26149378482,10167.9963522919,3451207.67449634,"Kodiak",500,"CENTRAL GOA",8857041201,"Microstomus pacificus (Dover sole)",NA
"GOA","Dover sole",10180,340,38,60,1152.03690514767,1442.10069154549,5102.12261292752,1596688.1172764,"Yakutat",500,"EASTERN GOA",8857041201,"Microstomus pacificus (Dover sole)",NA
"GOA","Dover sole",10180,341,33,84,844.171962675301,1100.65222372183,5134.51388195568,1673626.45639027,"Yakutat",500,"EASTERN GOA",8857041201,"Microstomus pacificus (Dover sole)",NA
"GOA","Dover sole",10180,350,60,121,2015.00277717951,2755.92700147907,18895.3016624676,6460794.07959642,"Southeastern",500,"EASTERN GOA",8857041201,"Microstomus pacificus (Dover sole)",NA
"GOA","Dover sole",10180,351,10,50,709.338209121282,1090.96842403565,2192.3090426386,842947.662515388,"Southeastern",500,"EASTERN GOA",8857041201,"Microstomus pacificus (Dover sole)",NA
"GOA","Dover sole",10180,410,33,39,431.940863205051,543.941502277834,3465.20756426656,1090930.70879293,"Shumagin",700,"WESTERN GOA",8857041201,"Microstomus pacificus (Dover sole)",NA
"GOA","Dover sole",10180,420,33,58,808.61665729412,1172.2291209939,6317.59256477379,2289609.6414165,"Chirikof",700,"CENTRAL GOA",8857041201,"Microstomus pacificus (Dover sole)",NA
"GOA","Dover sole",10180,430,38,57,972.834451069017,1567.28985662485,6789.74239772404,2734662.19698402,"Kodiak",700,"CENTRAL GOA",8857041201,"Microstomus pacificus (Dover sole)",NA
"GOA","Dover sole",10180,440,18,33,761.057626477132,1051.80391041185,4472.75393618914,1545369.20619608,"Yakutat",700,"EASTERN GOA",8857041201,"Microstomus pacificus (Dover sole)",NA
"GOA","Dover sole",10180,450,8,31,729.721308807183,852.012620297166,3016.55113519948,880520.962572309,"Southeastern",700,"EASTERN GOA",8857041201,"Microstomus pacificus (Dover sole)",NA
"GOA","Dover sole",10180,510,9,10,277.970153168669,321.971770507304,2153.95736048564,623730.15326216,"Shumagin",1000,"WESTERN GOA",8857041201,"Microstomus pacificus (Dover sole)",NA
"GOA","Dover sole",10180,520,29,24,349.765167373391,553.742820843042,4288.890435366,1697526.30443539,"Chirikof",1000,"CENTRAL GOA",8857041201,"Microstomus pacificus (Dover sole)",NA
"GOA","Dover sole",10180,530,21,25,581.609331760143,923.018535972126,8128.25329876595,3224900.31114718,"Kodiak",1000,"CENTRAL GOA",8857041201,"Microstomus pacificus (Dover sole)",NA
"GOA","Dover sole",10180,540,8,4,34.7000859075319,40.2359971351872,261.973434171627,75941.903824918,"Yakutat",1000,"EASTERN GOA",8857041201,"Microstomus pacificus (Dover sole)",NA
"GOA","Dover sole",10180,550,4,8,211.544183609408,281.852494170386,1020.78022652843,340011.06522748,"Southeastern",1000,"EASTERN GOA",8857041201,"Microstomus pacificus (Dover sole)",NA
"GOA","Big skate",420,10,176,39,203.851011460552,7.89491346424409,3397.2659850311,65786.0875319491,"Shumagin",100,"WESTERN GOA",8713040103,"Bathyraja binoculata (big skate)",NA
"GOA","Big skate",420,11,321,70,141.706091476082,6.39826616406299,3877.43037730465,87536.2213726912,"Shumagin",100,"WESTERN GOA",8713040103,"Bathyraja binoculata (big skate)",NA
"GOA","Big skate",420,12,186,56,168.408321189325,9.56646958742919,2315.8916164499,65777.3516180461,"Shumagin",100,"WESTERN GOA",8713040103,"Bathyraja binoculata (big skate)",NA
"GOA","Big skate",420,13,233,60,153.538279977869,8.19534706219132,3807.37747373704,101612.37900588,"Shumagin",100,"WESTERN GOA",8713040103,"Bathyraja binoculata (big skate)",NA
"GOA","Big skate",420,20,144,82,NA,NA,NA,NA,"Chirikof",100,"CENTRAL GOA",8713040103,"Bathyraja binoculata (big skate)",NA
"GOA","Big skate",420,21,161,12,NA,NA,NA,NA,"Chirikof",100,"CENTRAL GOA",8713040103,"Bathyraja binoculata (big skate)",NA
"GOA","Big skate",420,22,235,165,659.908333893272,31.6112249796059,14243.4773165524,341148.719314606,"Chirikof",100,"CENTRAL GOA",8713040103,"Bathyraja binoculata (big skate)",NA
"GOA","Big skate",420,30,134,79,345.559926960801,23.5192823014134,3985.048911701,135613.945696123,"Kodiak",100,"CENTRAL GOA",8713040103,"Bathyraja binoculata (big skate)",NA
"GOA","Big skate",420,31,347,86,165.176847591662,8.67514029733595,5088.48652890194,133624.461245489,"Kodiak",100,"CENTRAL GOA",8713040103,"Bathyraja binoculata (big skate)",NA
"GOA","Big skate",420,32,142,76,500.739345997363,41.8200471728832,9901.49965030882,413469.787992636,"Kodiak",100,"CENTRAL GOA",8713040103,"Bathyraja binoculata (big skate)",NA
"GOA","Big skate",420,33,70,12,126.173558174789,11.7964525632972,1327.36652446233,62050.3077920533,"Kodiak",100,"CENTRAL GOA",8713040103,"Bathyraja binoculata (big skate)",NA
"GOA","Big skate",420,35,55,12,190.473944690006,9.54324269034316,837.941358333839,20991.526573018,"Kodiak",100,"CENTRAL GOA",8713040103,"Bathyraja binoculata (big skate)",NA
"GOA","Big skate",420,40,120,50,432.318497411752,74.5264109606309,8600.6600488667,741324.196364464,"Yakutat",100,"EASTERN GOA",8713040103,"Bathyraja binoculata (big skate)",NA
"GOA","Big skate",420,41,88,51,518.044764205427,93.5107439208095,6956.62628150428,627860.123014931,"Yakutat",100,"EASTERN GOA",8713040103,"Bathyraja binoculata (big skate)",NA
"GOA","Big skate",420,50,41,19,151.48076918875,24.6759593814662,1983.28469271909,161536.849797877,"Southeastern",100,"EASTERN GOA",8713040103,"Bathyraja binoculata (big skate)",NA
"GOA","Big skate",420,110,108,13,29.8577588663125,2.87018663407989,253.511242878596,12184.8492406455,"Shumagin",200,"WESTERN GOA",8713040103,"Bathyraja binoculata (big skate)",NA
"GOA","Big skate",420,111,263,27,NA,NA,NA,NA,"Shumagin",200,"WESTERN GOA",8713040103,"Bathyraja binoculata (big skate)",NA
"GOA","Big skate",420,112,56,13,85.2090544757327,4.79114578576815,388.253693373804,10915.38955726,"Shumagin",200,"WESTERN GOA",8713040103,"Bathyraja binoculata (big skate)",NA
"GOA","Big skate",420,120,269,32,47.5721053193156,3.08974984024516,1056.48502555558,34308.7027263261,"Chirikof",200,"CENTRAL GOA",8713040103,"Bathyraja binoculata (big skate)",NA
"GOA","Big skate",420,121,219,23,61.4809997731411,2.80804566785427,951.064217968666,21719.1633754533,"Chirikof",200,"CENTRAL GOA",8713040103,"Bathyraja binoculata (big skate)",NA
"GOA","Big skate",420,122,167,8,11.4072888294658,0.82226913838261,114.317871229559,4120.175217921,"Chirikof",200,"CENTRAL GOA",8713040103,"Bathyraja binoculata (big skate)",NA
"GOA","Big skate",420,130,239,33,44.6652158068296,3.85815835918426,706.762275580158,30524.880852235,"Kodiak",200,"CENTRAL GOA",8713040103,"Bathyraja binoculata (big skate)",NA
"GOA","Big skate",420,131,221,5,3.42004653597623,0.223663464461142,50.1816724932582,1640.88508799965,"Kodiak",200,"CENTRAL GOA",8713040103,"Bathyraja binoculata (big skate)",NA
"GOA","Big skate",420,132,214,15,23.4721194350783,1.40045657074685,515.484265412161,15378.1027020125,"Kodiak",200,"CENTRAL GOA",8713040103,"Bathyraja binoculata (big skate)",NA
"GOA","Big skate",420,133,241,11,20.1180153382569,1.22997064816993,485.930985076594,14854.3690476254,"Kodiak",200,"CENTRAL GOA",8713040103,"Bathyraja binoculata (big skate)",NA
"GOA","Big skate",420,134,177,6,5.69186997395615,0.707483401600013,57.2124685326573,3555.67432466176,"Kodiak",200,"CENTRAL GOA",8713040103,"Bathyraja binoculata (big skate)",NA
"GOA","Big skate",420,140,147,46,138.399531068606,10.6893621435021,2033.25657483042,78519.8320081196,"Yakutat",200,"EASTERN GOA",8713040103,"Bathyraja binoculata (big skate)",NA
"GOA","Big skate",420,141,99,17,100.226245694171,4.54856515022398,1057.69919705509,24000.7678319356,"Yakutat",200,"EASTERN GOA",8713040103,"Bathyraja binoculata (big skate)",NA
"GOA","Big skate",420,142,136,5,34.3290353570199,1.01867005688066,620.11310351442,9200.53016142062,"Yakutat",200,"EASTERN GOA",8713040103,"Bathyraja binoculata (big skate)",NA
"GOA","Big skate",420,143,113,8,28.8679424662149,2.32407393822899,446.155840627785,17959.3534039566,"Yakutat",200,"EASTERN GOA",8713040103,"Bathyraja binoculata (big skate)",NA
"GOA","Big skate",420,150,68,2,1.55283030027479,0.525743175097003,13.0325382422555,2206.21919659991,"Southeastern",200,"EASTERN GOA",8713040103,"Bathyraja binoculata (big skate)",NA
"GOA","Big skate",420,151,141,8,10.6725259940643,1.16300084640651,147.021388266119,8010.56840191601,"Southeastern",200,"EASTERN GOA",8713040103,"Bathyraja binoculata (big skate)",NA
"GOA","Big skate",420,210,100,1,0.412060836725737,0.147692056174099,2.29760919537736,411.757920318524,"Shumagin",300,"WESTERN GOA",8713040103,"Bathyraja binoculata (big skate)",NA
"GOA","Big skate",420,220,203,12,35.4307837040568,1.75993271288481,709.875947057489,17630.6275321467,"Chirikof",300,"CENTRAL GOA",8713040103,"Bathyraja binoculata (big skate)",NA
"GOA","Big skate",420,221,63,0,0,0,0,0,"Chirikof",300,"CENTRAL GOA",8713040103,"Bathyraja binoculata (big skate)",NA
"GOA","Big skate",420,230,160,3,1.84024627855046,0.221460900905433,24.5100929643113,1474.81001114369,"Kodiak",300,"CENTRAL GOA",8713040103,"Bathyraja binoculata (big skate)",NA
"GOA","Big skate",420,231,57,1,9.06578122736938,1.69200844109171,29.4205270809335,2745.47658463358,"Kodiak",300,"CENTRAL GOA",8713040103,"Bathyraja binoculata (big skate)",NA
"GOA","Big skate",420,232,58,2,2.63765886331903,0.885310430795009,16.9244167641788,2840.27682745818,"Kodiak",300,"CENTRAL GOA",8713040103,"Bathyraja binoculata (big skate)",NA
"GOA","Big skate",420,240,101,3,3.41213718227755,1.14141774637459,20.7642400818549,3472.99520114721,"Yakutat",300,"EASTERN GOA",8713040103,"Bathyraja binoculata (big skate)",NA
"GOA","Big skate",420,241,70,0,0,0,0,0,"Yakutat",300,"EASTERN GOA",8713040103,"Bathyraja binoculata (big skate)",NA
"GOA","Big skate",420,250,43,2,3.97290475291704,0.593867197180058,8.94111749615388,668.256190033227,"Southeastern",300,"EASTERN GOA",8713040103,"Bathyraja binoculata (big skate)",NA
"GOA","Big skate",420,251,118,1,1.00564023726695,0.343221923981896,7.89842111160361,1347.85343201427,"Southeastern",300,"EASTERN GOA",8713040103,"Bathyraja binoculata (big skate)",NA
"GOA","Big skate",420,310,76,0,0,0,0,0,"Shumagin",500,"WESTERN GOA",8713040103,"Bathyraja binoculata (big skate)",NA
"GOA","Big skate",420,320,55,0,0,0,0,0,"Chirikof",500,"CENTRAL GOA",8713040103,"Bathyraja binoculata (big skate)",NA
"GOA","Big skate",420,330,82,0,0,0,0,0,"Kodiak",500,"CENTRAL GOA",8713040103,"Bathyraja binoculata (big skate)",NA
"GOA","Big skate",420,340,38,0,0,0,0,0,"Yakutat",500,"EASTERN GOA",8713040103,"Bathyraja binoculata (big skate)",NA
"GOA","Big skate",420,341,33,1,3.49903865632544,0.321425560933809,10.6411154058387,488.752315168048,"Yakutat",500,"EASTERN GOA",8713040103,"Bathyraja binoculata (big skate)",NA
"GOA","Big skate",420,350,60,1,4.63965554090336,0.274535830822684,21.7537395104787,643.60176066505,"Southeastern",500,"EASTERN GOA",8713040103,"Bathyraja binoculata (big skate)",NA
"GOA","Big skate",420,351,10,1,3.56420313062894,1.51346205122248,5.50783438182352,1169.39158849756,"Southeastern",500,"EASTERN GOA",8713040103,"Bathyraja binoculata (big skate)",NA
"GOA","Big skate",420,410,33,0,0,0,0,0,"Shumagin",700,"WESTERN GOA",8713040103,"Bathyraja binoculata (big skate)",NA
"GOA","Big skate",420,420,33,0,0,0,0,0,"Chirikof",700,"CENTRAL GOA",8713040103,"Bathyraja binoculata (big skate)",NA
"GOA","Big skate",420,430,38,0,0,0,0,0,"Kodiak",700,"CENTRAL GOA",8713040103,"Bathyraja binoculata (big skate)",NA
"GOA","Big skate",420,440,18,0,0,0,0,0,"Yakutat",700,"EASTERN GOA",8713040103,"Bathyraja binoculata (big skate)",NA
"GOA","Big skate",420,450,8,0,0,0,0,0,"Southeastern",700,"EASTERN GOA",8713040103,"Bathyraja binoculata (big skate)",NA
"GOA","Big skate",420,510,9,0,0,0,0,0,"Shumagin",1000,"WESTERN GOA",8713040103,"Bathyraja binoculata (big skate)",NA
"GOA","Big skate",420,520,29,0,0,0,0,0,"Chirikof",1000,"CENTRAL GOA",8713040103,"Bathyraja binoculata (big skate)",NA
"GOA","Big skate",420,530,21,0,0,0,0,0,"Kodiak",1000,"CENTRAL GOA",8713040103,"Bathyraja binoculata (big skate)",NA
"GOA","Big skate",420,540,8,0,0,0,0,0,"Yakutat",1000,"EASTERN GOA",8713040103,"Bathyraja binoculata (big skate)",NA
"GOA","Big skate",420,550,4,0,0,0,0,0,"Southeastern",1000,"EASTERN GOA",8713040103,"Bathyraja binoculata (big skate)",NA
"GOA","Longnose skate",440,10,176,7,8.21437319158299,0.960547410939407,68.448055352221,8003.9707009882,"Shumagin",100,"WESTERN GOA",8713040108,"Raja Rhina (longnose skate)",NA
"GOA","Longnose skate",440,11,321,5,4.39821846589312,0.308366242725644,60.173086802534,4218.83288299404,"Shumagin",100,"WESTERN GOA",8713040108,"Raja Rhina (longnose skate)",NA
"GOA","Longnose skate",440,12,186,6,13.5770624273768,0.851522116056871,93.3534781105935,5854.9153505925,"Shumagin",100,"WESTERN GOA",8713040108,"Raja Rhina (longnose skate)",NA
"GOA","Longnose skate",440,13,233,11,9.28491859388082,1.12113017706283,115.121746527705,13900.6565069347,"Shumagin",100,"WESTERN GOA",8713040108,"Raja Rhina (longnose skate)",NA
"GOA","Longnose skate",440,20,144,43,NA,NA,NA,NA,"Chirikof",100,"CENTRAL GOA",8713040108,"Raja Rhina (longnose skate)",NA
"GOA","Longnose skate",440,21,161,25,NA,NA,NA,NA,"Chirikof",100,"CENTRAL GOA",8713040108,"Raja Rhina (longnose skate)",NA
"GOA","Longnose skate",440,22,235,50,114.994748238579,10.0661761818197,1241.02470292772,108634.294148312,"Chirikof",100,"CENTRAL GOA",8713040108,"Raja Rhina (longnose skate)",NA
"GOA","Longnose skate",440,30,134,101,193.460186000661,19.8752802364569,1115.50594199376,114602.356489428,"Kodiak",100,"CENTRAL GOA",8713040108,"Raja Rhina (longnose skate)",NA
"GOA","Longnose skate",440,31,347,83,73.3983100944885,6.73540293569977,1130.56495993699,103746.401522815,"Kodiak",100,"CENTRAL GOA",8713040108,"Raja Rhina (longnose skate)",NA
"GOA","Longnose skate",440,32,142,8,20.9915288641841,1.82896479882123,207.540726896725,18082.7554901696,"Kodiak",100,"CENTRAL GOA",8713040108,"Raja Rhina (longnose skate)",NA
"GOA","Longnose skate",440,33,70,53,350.369856681289,42.3628567959684,1842.97417647183,222832.100501051,"Kodiak",100,"CENTRAL GOA",8713040108,"Raja Rhina (longnose skate)",NA
"GOA","Longnose skate",440,35,55,54,440.512129056999,41.7812534200304,968.960170340613,91902.9642102741,"Kodiak",100,"CENTRAL GOA",8713040108,"Raja Rhina (longnose skate)",NA
"GOA","Longnose skate",440,40,120,29,67.4758853242297,10.0446467080358,671.191673088746,99915.4467874908,"Yakutat",100,"EASTERN GOA",8713040108,"Raja Rhina (longnose skate)",NA
"GOA","Longnose skate",440,41,88,25,97.2610232566785,10.9915970215929,653.040661062549,73800.9897980512,"Yakutat",100,"EASTERN GOA",8713040108,"Raja Rhina (longnose skate)",NA
"GOA","Longnose skate",440,50,41,20,43.5255866549017,17.0473958244706,284.932636058649,111597.793470627,"Southeastern",100,"EASTERN GOA",8713040108,"Raja Rhina (longnose skate)",NA
"GOA","Longnose skate",440,110,108,14,29.3633276398276,4.8953123032231,124.656604642602,20782.1476458699,"Shumagin",200,"WESTERN GOA",8713040108,"Raja Rhina (longnose skate)",NA
"GOA","Longnose skate",440,111,263,28,NA,NA,NA,NA,"Shumagin",200,"WESTERN GOA",8713040108,"Raja Rhina (longnose skate)",NA
"GOA","Longnose skate",440,112,56,16,55.2523553365076,8.94877952111781,125.878236526556,20387.4853537505,"Shumagin",200,"WESTERN GOA",8713040108,"Raja Rhina (longnose skate)",NA
"GOA","Longnose skate",440,120,269,88,75.2287921055819,9.81860394518906,835.343441463274,109026.161132933,"Chirikof",200,"CENTRAL GOA",8713040108,"Raja Rhina (longnose skate)",NA
"GOA","Longnose skate",440,121,219,130,196.497124302847,21.1557770232112,1519.83039107816,163631.874923493,"Chirikof",200,"CENTRAL GOA",8713040108,"Raja Rhina (longnose skate)",NA
"GOA","Longnose skate",440,122,167,48,76.2684611054601,7.86715149008004,382.161276262651,39420.2349231007,"Chirikof",200,"CENTRAL GOA",8713040108,"Raja Rhina (longnose skate)",NA
"GOA","Longnose skate",440,130,239,120,135.068840334328,18.9649281290066,1068.63427423613,150046.244247871,"Kodiak",200,"CENTRAL GOA",8713040108,"Raja Rhina (longnose skate)",NA
"GOA","Longnose skate",440,131,221,175,199.121422046571,23.010355440539,1460.83479894531,168813.217674681,"Kodiak",200,"CENTRAL GOA",8713040108,"Raja Rhina (longnose skate)",NA
"GOA","Longnose skate",440,132,214,89,142.972290571482,15.4883710039728,1569.94698291694,170074.363576262,"Kodiak",200,"CENTRAL GOA",8713040108,"Raja Rhina (longnose skate)",NA
"GOA","Longnose skate",440,133,241,164,252.658506848554,34.7783035632227,3051.35956645357,420017.95469438,"Kodiak",200,"CENTRAL GOA",8713040108,"Raja Rhina (longnose skate)",NA
"GOA","Longnose skate",440,134,177,65,95.2990739887644,10.2136394966607,478.954657847176,51331.7706641546,"Kodiak",200,"CENTRAL GOA",8713040108,"Raja Rhina (longnose skate)",NA
"GOA","Longnose skate",440,140,147,83,176.339493337926,25.7947452200842,1295.32026396053,189478.009462377,"Yakutat",200,"EASTERN GOA",8713040108,"Raja Rhina (longnose skate)",NA
"GOA","Longnose skate",440,141,99,48,128.224305059985,17.455818261162,676.582982658705,92106.6374924804,"Yakutat",200,"EASTERN GOA",8713040108,"Raja Rhina (longnose skate)",NA
"GOA","Longnose skate",440,142,136,41,80.7853784644007,11.4852264580721,729.645782894135,103733.462787567,"Yakutat",200,"EASTERN GOA",8713040108,"Raja Rhina (longnose skate)",NA
"GOA","Longnose skate",440,143,113,41,88.4780389519683,14.1923865399642,683.716788820542,109672.106951556,"Yakutat",200,"EASTERN GOA",8713040108,"Raja Rhina (longnose skate)",NA
"GOA","Longnose skate",440,150,68,24,50.075195372481,7.32764819878166,210.134648507563,30749.6110036998,"Southeastern",200,"EASTERN GOA",8713040108,"Raja Rhina (longnose skate)",NA
"GOA","Longnose skate",440,151,141,36,37.9435350810367,6.02581699118343,261.349150446708,41504.8874078209,"Southeastern",200,"EASTERN GOA",8713040108,"Raja Rhina (longnose skate)",NA
"GOA","Longnose skate",440,210,100,14,26.4901165844338,3.46551341377517,73.8530940414556,9661.67465642107,"Shumagin",300,"WESTERN GOA",8713040108,"Raja Rhina (longnose skate)",NA
"GOA","Longnose skate",440,220,203,103,168.140613318775,21.7043976491808,1684.39651399562,217429.989203999,"Chirikof",300,"CENTRAL GOA",8713040108,"Raja Rhina (longnose skate)",NA
"GOA","Longnose skate",440,221,63,3,5.79724847202985,0.927255524345197,17.7200204080667,1417.13667217858,"Chirikof",300,"CENTRAL GOA",8713040108,"Raja Rhina (longnose skate)",NA
"GOA","Longnose skate",440,230,160,87,134.091053098241,19.7812385270978,892.974004465612,131732.366721667,"Kodiak",300,"CENTRAL GOA",8713040108,"Raja Rhina (longnose skate)",NA
"GOA","Longnose skate",440,231,57,9,32.5127841198689,4.29624619237609,52.755698691877,6971.14921919614,"Kodiak",300,"CENTRAL GOA",8713040108,"Raja Rhina (longnose skate)",NA
"GOA","Longnose skate",440,232,58,20,169.136243012431,16.9292351515908,542.627461511041,54312.8293026828,"Kodiak",300,"CENTRAL GOA",8713040108,"Raja Rhina (longnose skate)",NA
"GOA","Longnose skate",440,240,101,55,108.039774715504,17.7006210989938,328.732946646189,53857.7329197717,"Yakutat",300,"EASTERN GOA",8713040108,"Raja Rhina (longnose skate)",NA
"GOA","Longnose skate",440,241,70,58,213.425478764851,29.195900608093,454.030265399447,62109.8407668253,"Yakutat",300,"EASTERN GOA",8713040108,"Raja Rhina (longnose skate)",NA
"GOA","Longnose skate",440,250,43,14,55.7384814848733,9.1150384567282,62.7203951526314,10256.8064038949,"Southeastern",300,"EASTERN GOA",8713040108,"Raja Rhina (longnose skate)",NA
"GOA","Longnose skate",440,251,118,36,37.9871461443577,6.3214402675227,149.177840124807,24824.6815384179,"Southeastern",300,"EASTERN GOA",8713040108,"Raja Rhina (longnose skate)",NA
"GOA","Longnose skate",440,310,76,1,0.756603405270368,0.302641362108147,1.91503963568323,766.015854273293,"Shumagin",500,"WESTERN GOA",8713040108,"Raja Rhina (longnose skate)",NA
"GOA","Longnose skate",440,320,55,4,7.72856158243756,1.29641099696341,12.3963113643281,2079.39267910042,"Chirikof",500,"CENTRAL GOA",8713040108,"Raja Rhina (longnose skate)",NA
"GOA","Longnose skate",440,330,82,7,7.06501480094064,1.61000210782181,20.5716910819201,4687.95422749021,"Kodiak",500,"CENTRAL GOA",8713040108,"Raja Rhina (longnose skate)",NA
"GOA","Longnose skate",440,340,38,25,124.696140744984,20.7159420036608,138.063068248284,22936.6081226853,"Yakutat",500,"EASTERN GOA",8713040108,"Raja Rhina (longnose skate)",NA
"GOA","Longnose skate",440,341,33,19,68.2716670246827,14.887009649806,103.812326629391,22636.8444722731,"Yakutat",500,"EASTERN GOA",8713040108,"Raja Rhina (longnose skate)",NA
"GOA","Longnose skate",440,350,60,39,90.814817950872,17.2339687106919,212.899629722314,40402.0581656301,"Southeastern",500,"EASTERN GOA",8713040108,"Raja Rhina (longnose skate)",NA
"GOA","Longnose skate",440,351,10,15,59.5168010499743,17.6686131901355,45.9862514992732,13651.8306674901,"Southeastern",500,"EASTERN GOA",8713040108,"Raja Rhina (longnose skate)",NA
"GOA","Longnose skate",440,410,33,0,0,0,0,0,"Shumagin",700,"WESTERN GOA",8713040108,"Raja Rhina (longnose skate)",NA
"GOA","Longnose skate",440,420,33,1,8.588172326661,0.589037882487037,16.7745040701575,1150.5146824525,"Chirikof",700,"CENTRAL GOA",8713040108,"Raja Rhina (longnose skate)",NA
"GOA","Longnose skate",440,430,38,1,1.19285306733589,0.600630950320188,2.08133178174502,1048.00190420192,"Kodiak",700,"CENTRAL GOA",8713040108,"Raja Rhina (longnose skate)",NA
"GOA","Longnose skate",440,440,18,2,7.58050379226954,2.25474974861448,11.1377006798148,3312.80459665032,"Yakutat",700,"EASTERN GOA",8713040108,"Raja Rhina (longnose skate)",NA
"GOA","Longnose skate",440,450,8,2,16.9134378424431,2.55981995114502,17.4793614726513,2645.47152671033,"Southeastern",700,"EASTERN GOA",8713040108,"Raja Rhina (longnose skate)",NA
"GOA","Longnose skate",440,510,9,0,0,0,0,0,"Shumagin",1000,"WESTERN GOA",8713040108,"Raja Rhina (longnose skate)",NA
"GOA","Longnose skate",440,520,29,0,0,0,0,0,"Chirikof",1000,"CENTRAL GOA",8713040108,"Raja Rhina (longnose skate)",NA
"GOA","Longnose skate",440,530,21,0,0,0,0,0,"Kodiak",1000,"CENTRAL GOA",8713040108,"Raja Rhina (longnose skate)",NA
"GOA","Longnose skate",440,540,8,0,0,0,0,0,"Yakutat",1000,"EASTERN GOA",8713040108,"Raja Rhina (longnose skate)",NA
"GOA","Longnose skate",440,550,4,0,0,0,0,0,"Southeastern",1000,"EASTERN GOA",8713040108,"Raja Rhina (longnose skate)",NA
