NODC_CODE,RACE,BASE_NAME,EGOA
0,NA,Empty,MISC_NA
1499999999,NA,Misc. prey,MISC_NA
1500000000,NA,Phaeophycophyta (brown algae),Large_phytoplankton
3448000000,NA,Foraminiferida (protozoan),Microzooplankton
3450000000,NA,Textulariina (foram),Large_microzooplankton
3600000000,91000,Porifera (sponge),Sessile_epifauna
3630000000,NA,Hyalospongia (glass sponges),Sessile_epifauna
3666090100,91225,sponge Latrunculia sp.,Sessile_epifauna
3700000000,40001,Cnidaria,Sessile_epifauna
3701000000,40010,Hydrozoa,MISC_NA
3702000000,NA,Hydroida (hydroid),Sessile_epifauna
3704050000,NA,Sertulariidae (hydroid),Sessile_epifauna
3704050200,NA,Sertularia sp. (hydroid),Sessile_epifauna
3715000000,NA,Siphonophora,Gelatinous_carnivores
3717010000,NA,Agalmidae,Gelatinous_carnivores
3730000000,NA,Scyphozoa (jellyfish),Gelatinous_carnivores
3733010100,40510,Atolla sp.,Gelatinous_carnivores
3733060101,NA,Periphylla periphylla,Gelatinous_carnivores
3734010201,40504,Chrysaora melanaster (jellyfish),Gelatinous_carnivores
3734030101,40505,Phacellophora camtchatica,Gelatinous_carnivores
3734030203,40512,Aurelia labiata (moon jellyfish),Gelatinous_carnivores
3740000000,41000,Anthozoa (anemome),Sessile_epifauna
3743010000,NA,Cerianthidae (anemone),Sessile_epifauna
3752000000,42000,Pennatulacea (sea pen),Sessile_epifauna
3760010900,NA,Liponema sp. (sea anemone),Sessile_epifauna
3760020000,43100,Actinostolidae (anemone),Sessile_epifauna
3760040400,NA,Anemone Actinauge sp.,Sessile_epifauna
3800000000,45000,Ctenophora (comb jelly),Gelatinous_carnivores
3807010100,45005,Beroe sp. (ctenophore),Gelatinous_carnivores
3900000000,NA,Platyhelminthes,Infauna
3935000000,NA,Digenea (flatworm),Infauna
3960000000,NA,Cestoda (flatworm),Infauna
4300000000,NA,Rhynchocoela,Infauna
4302010102,92511,Orange Ribbon Worm Tubulanus polymorphus,Infauna
4306010100,92502,Ribbon Worm Emplectonema sp.,Infauna
4700000000,93500,Nematoda (worm),Infauna
4900000000,NA,Acanthocephala (parasitic worm),Infauna
5000000000,NA,Annelida (worm),Infauna
5001000000,50000,Polychaeta (worm),Infauna
5001010000,50160,Aphroditidae (sea mouse),Infauna
5001020000,56300,Polynoidae (polychaete),Infauna
5001020201,NA,Antinoella macrolepida (polychaete),Infauna
5001020203,NA,Antinoella badia (polychaete),Infauna
5001020301,NA,Arcteobia anticostiensis (polychaete),Infauna
5001020402,50301,Arctonoe vittata (polychaete),Infauna
5001020500,56310,Eunoe sp.,Infauna
5001020503,56311,Eunoe nodosa (polychaete),Infauna
5001020601,NA,Gattyana amondseni (polychaete),Infauna
5001020606,NA,Gattyana treadwelli,Infauna
5001020800,NA,Harmothoe sp. (polychaete),Infauna
5001021500,NA,Polynoe sp. (polychaete),Infauna
5001021501,NA,Polynoe canadensis (polychaete),Infauna
5001021502,NA,Polynoe gracilis (polychaete),Infauna
5001021600,NA,Polynoidae (polychaete) Polyeunoa sp.,Infauna
5001022301,NA,Tenonia kisapensis (polychaete),Infauna
5001060000,NA,Sigalionidae,Infauna
5001060101,NA,Pholoe minuta (polychaete),Infauna
5001060400,NA,polychaete Sigalion sp,Infauna
5001110000,NA,Euphrosinidae,Infauna
5001110105,NA,Euphrosine multibranchiata,Infauna
5001130000,NA,Phyllodocidae (polychaete),Infauna
5001130102,NA,Phyllodocidae (polychaete) Phyllodoce groenlandica,Infauna
5001130200,NA,Eteone sp. (polychaete),Infauna
5001130205,NA,Eteone longa (polychaete),Infauna
5001130210,NA,polychaete Eteone cf ornata,Infauna
5001130500,NA,Mystides sp. (polychaete),Infauna
5001131000,69318,Phyllodoce sp. (polychaete),Infauna
5001140000,NA,Alciopidae (polychaete),Infauna
5001200000,NA,Tomopteridae (polychaete),Infauna
5001200100,NA,Tomopteris,Infauna
5001210000,NA,polychaete Hesionidae,Infauna
5001230000,NA,Syllidae (polychaete),Infauna
5001240000,54000,Nereidae (polychaete),Infauna
5001250000,53700,Nephtyidae (polychaete),Infauna
5001250100,NA,Nephtys sp. (polychaete),Infauna
5001250103,NA,Nephtys caeca (polychaete),Infauna
5001250113,NA,Nephtys californiensis (polychaete),Infauna
5001260000,NA,Sphaerodoridae (polychaete),Infauna
5001260203,NA,Sphaerodoropsis biserialis (polychaete),Infauna
5001270000,NA,Glyceridae (polychaete),Infauna
5001270100,52715,Glycera sp. (polychaete),Infauna
5001270101,NA,Glycera capitata (polychaete),Infauna
5001280000,NA,Goniadidae (polychaete),Infauna
5001280103,NA,Glycinde armigera (polychaete),Infauna
5001280200,NA,Goniada sp. (polychaete),Infauna
5001290000,NA,Onuphidae (polychaete),Infauna
5001290100,NA,Onuphis sp. (polychaete),Infauna
5001290101,50215,Onuphis conchylega (polychaete),Infauna
5001290103,NA,Onuphis iridescens (polychaete),Infauna
5001290104,NA,Onuphis holobranchiata (polychaete),Infauna
5001290105,NA,Onuphis parva (polychaete),Infauna
5001300000,NA,Eunicidae,Infauna
5001300102,50005,Eunice valens (polychaete),Infauna
5001310000,NA,Lumbrineridae,Infauna
5001310100,NA,Lumbrineris sp. (polychaete),Infauna
5001310104,NA,Lumbrineris latreilli (polychaete),Infauna
5001310107,NA,Lumbrineris japonica (polychaete),Infauna
5001310127,NA,Lumbrineris minuta (polychaete),Infauna
5001310146,NA,Lumbrineris bifurcatus (polychaete),Infauna
5001310147,NA,Lumbrineris cervicalis (polychaete),Infauna
5001330000,NA,Arabellidae (polychaete),Infauna
5001330100,NA,Drilonereis sp. (polychaete),Infauna
5001330103,NA,Drilonereis longa (polychaete),Infauna
5001330104,NA,Drilonereis falcata minor (polychaete),Infauna
5001400000,NA,Orbiniidae (polychaete),Infauna
5001400102,NA,Haploscolopos elongatus (polychaete),Infauna
5001400301,NA,Scoloplos armiger (polychaete),Infauna
5001410000,NA,Paraonidae (polychaete),Infauna
5001410200,NA,Aricidea sp. (polychaete),Infauna
5001410301,NA,Tauberia gracilis (polychaete),Infauna
5001430000,NA,Spionidae (polychaete),Infauna
5001430500,NA,Prionospio sp. (polychaete),Infauna
5001430502,NA,Prionospio cirrifera (polychaete),Infauna
5001430506,NA,Prionospio steenstrupi (polychaete),Infauna
5001430510,NA,Prionospio nova (polychaete),Infauna
5001430804,NA,Boccardia californica (polychaete),Infauna
5001431002,NA,Spiophanes kroyeri (polychaete),Infauna
5001440000,NA,Magelonidae (polychaete),Infauna
5001440100,NA,Magelona sp. (polychaete),Infauna
5001490000,NA,Chaetopteridae (polychaete),Infauna
5001490100,50013,Chaetopterus sp. (polychaete),Infauna
5001490300,NA,Spiochaetopterus sp. (polychaete),Infauna
5001490301,NA,Spiochaetopterus typicus (polychaete),Infauna
5001500000,NA,Cirratulidae (polychaete),Infauna
5001500300,NA,Tharyx sp. (polychaete),Infauna
5001520101,NA,Cossura longocirrata (polychaete),Infauna
5001540000,NA,Flabelligeridae (polychaete),Infauna
5001540100,58500,Brada sp. (polychaete),Infauna
5001540101,58503,Brada granulata (polychaete),Infauna
5001540102,58509,Brada villosa (polychaete),Infauna
5001540200,NA,Flabelligera sp. (polychaete),Infauna
5001540202,NA,Flabelligera affinis (polychaete),Infauna
5001570000,NA,Scalibregmidae,Infauna
5001570100,NA,Scalibregma sp. (polychaete),Infauna
5001570101,NA,Scalibregma inflatum,Infauna
5001580000,NA,Opheliidae (polychaete),Infauna
5001580101,NA,Ophelina acuminata (polychaete),Infauna
5001580300,NA,Opheliidae (polychaete) Ophelia sp.,Infauna
5001580301,NA,Ophelia limacina (polychaete),Infauna
5001580400,NA,Travisia sp. (polychaete),Infauna
5001580401,NA,Travesia brevis (polychaete),Infauna
5001580402,NA,Travisia forbesii (polychaete),Infauna
5001580403,NA,Travisia pupa (polychaete),Infauna
5001580600,NA,Ophelina sp. (polychaete),Infauna
5001580700,NA,Euzonus sp. (polychaete),Infauna
5001590000,NA,Sternaspidae (polychaete),Infauna
5001590101,NA,Sternaspis scutata (polychaete),Infauna
5001600000,NA,Capitellidae (polychaete),Infauna
5001600101,NA,Capitella capitata (polychaete),Infauna
5001600306,NA,Notomastus latericeus (polychaete),Infauna
5001620000,NA,Arenicolidae (polychaete) ,Infauna
5001620200,NA,Polychaete Arenicola sp.,Infauna
5001630000,92900,Maldanidae (polychaete),Infauna
5001630301,NA,Maldane sarsi (polychaete),Infauna
5001630400,NA,Maldanella sp. (polychaete),Infauna
5001630402,NA,Maldanella harai (polychaete),Infauna
5001630500,NA,Nicomache sp. (polychaete),Infauna
5001630501,NA,Nicomache lumbricalis (polychaete),Infauna
5001630502,NA,Nicomache personata (polychaete),Infauna
5001630600,NA,Notoproctus sp. (polychaete),Infauna
5001630801,NA,Axiothella catenata (polychaete),Infauna
5001630900,NA,Praxillella sp. (polychaete),Infauna
5001630901,NA,Praxillella gracilis (polychaete),Infauna
5001630902,NA,Praxillella praetermissa (polychaete),Infauna
5001631000,NA,Rhodine sp. (polychaete),Infauna
5001631600,NA,Micromaldane sp. (polychaete),Infauna
5001631601,NA,Micromaldane ornithochaeta (polychaete),Infauna
5001640000,50100,Oweniidae (polychaete),Infauna
5001640100,NA,Oweniidae (polychaete) Owenia sp.,Infauna
5001640102,NA,Oweniidae (polychaete) Owenia fusiformis,Infauna
5001640200,NA,Myriochele sp. (polychaete),Infauna
5001640202,NA,Oweniidae (polychaete) Galathowenia oculata,Infauna
5001640400,NA,Galathowenia sp.,Infauna
5001650000,NA,Sabellariidae,Infauna
5001650102,NA,Idanthyrsus armatus (polychaete),Infauna
5001660000,NA,Pectinariidae (polychaete),Infauna
5001660200,NA,Cistenides sp. (polychaete),Infauna
5001660203,NA,Cistenides hyperborea (polychaete),Infauna
5001660300,58000,polychaete Pectinaria sp.,Infauna
5001670000,50050,Ampharetidae (polychaete),Infauna
5001670100,NA,Amage sp. (polychaete),Infauna
5001670200,NA,Ampharete sp. (polychaete),Infauna
5001670206,NA,Ampharete reducta (polychaete),Infauna
5001670208,NA,Ampharete acutifrons (polychaete),Infauna
5001670300,NA,Amphicteis sp. (polychaete),Infauna
5001670500,NA,Melinna (polychaete),Infauna
5001670501,NA,Melinna cristata (polychaete),Infauna
5001670602,NA,Sabellides borealis (polychaete),Infauna
5001670901,NA,Glyphanostomum pallescens (polychaete),Infauna
5001680000,NA,Terebellidae (polychaete),Infauna
5001680101,NA,Amphitrite cirrata (polychaete),Infauna
5001680402,NA,Neoamphitrite groenlandica (polychaete),Infauna
5001680600,NA,Nicolea sp. (polychaete),Infauna
5001680700,NA,Pista sp. (polychaete),Infauna
5001680703,NA,Pista elongata,Infauna
5001680800,NA,Polycirrus sp. (polychaete),Infauna
5001681000,NA,Terebellidae (polychaete) Thelepus sp,Infauna
5001681100,NA,Artacama sp. (polychaete),Infauna
5001681102,NA,Artacama proboscidea (polychaete),Infauna
5001681600,NA,Lysilla sp. (polychaete),Infauna
5001690000,NA,Trichobranchidae (polychaete),Infauna
5001690100,NA,Terebellides sp. (polychaete),Infauna
5001690101,NA,Terebellides stroemi (polychaete),Infauna
5001700000,NA,Sabellidae (polychaete),Infauna
5001700100,NA,Chone sp. (polychaete),Infauna
5001700103,NA,Chone cincta (polychaete),Infauna
5001700106,NA,Chone magna (Sabellidae),Infauna
5001700200,NA,Euchone sp. (Sabellidae),Infauna
5001700201,NA,Euchone cf analis (Sabellidae),Infauna
5001701401,NA,Laonome kroyeri (Sabellidae),Infauna
5001730000,NA,Serpulidae (polychaete),Infauna
5001730500,NA,Spirorbis sp.,Infauna
5001910000,NA,Aphroditiformia (polychate) ,Infauna
5001920000,NA,Scolacida (polychaete) ,Infauna
5001930000,NA,Aphroditoidea (polychaete) ,Infauna
5001940000,NA,Spionida (polychaete) ,Infauna
5001950000,NA,Capitellida,Infauna
5001960000,NA,Eunicida (polychaete),Infauna
5001970000,NA,Phyllodocida (pllychaete),Infauna
5001971000,NA,Glyceriformia,Infauna
5001980000,NA,Sabellida (polychaete),Infauna
5001990000,NA,Terebellida (polychaete),Infauna
5002050000,NA,polychaete Polygordiidae,Infauna
5004000000,NA,Oligochaeta (worm),Infauna
5012000000,59100,Hirudinea (leech),Infauna
5085000000,70000,Mollusca,Motile_epifauna
5100000000,71500,Gastropoda (snail),Motile_epifauna
5102040000,NA,Limpet Fissurellidae,Motile_epifauna
5102040203,71350,Cranopsis major (Great key-hole limpet),Motile_epifauna
5102100000,72510,Trochidae (snail) ,Motile_epifauna
5102100200,NA,Bathybembix sp. (snail),Motile_epifauna
5102100300,NA,Margarites sp. (Gastropoda),Motile_epifauna
5102100400,72540,Solariella sp (Trochidae),Motile_epifauna
5102100403,72543,Solariella varicosa (Trochidae),Motile_epifauna
5103200500,NA,Rissoina sp. (snail),Motile_epifauna
5103330000,NA,Turritellidae (turret snail) ,Motile_epifauna
5103330101,71634,Turritellidae Tachyrychus erosus,Motile_epifauna
5103430101,NA,Horse mussel Modiolus modiolus,Motile_epifauna
5103620204,NA,Trichotropis cancellata (snail),Motile_epifauna
5103640202,71681,Crepidula grandis (grand slipper shell),Motile_epifauna
5103660000,NA,Lamellariidae (snail),Motile_epifauna
5103660404,NA,Velutina pliciatis (Ribbed velvet snail),Motile_epifauna
5103730000,95103,Heteropoda sp. (Mollusc),Motile_epifauna
5103760000,71510,Naticidae (snail),Motile_epifauna
5103760200,71525,Natica sp. (moonsnail),Motile_epifauna
5103760400,71575,snail Euspira sp,Motile_epifauna
5103760401,NA,Euspiradae (snail) Euspira nana,Motile_epifauna
5103760402,NA,Polinices pallidus (snail),Motile_epifauna
5103769900,NA,Snail Euspira sp.,Motile_epifauna
5103780101,72500,Fusitriton oregonensis (snail),Motile_epifauna
5105010000,71540,Muricidae (Snail) ,Motile_epifauna
5105040000,NA,Buccinidae (snail),Motile_epifauna
5105040100,72746,Buccinum sp. (snail),Motile_epifauna
5105050000,NA,Neptuneidae (snail),Motile_epifauna
5105050200,71769,Beringius sp. (snail),Motile_epifauna
5105050301,71726,Colus spitzbergensis (thick ribbed colus),Motile_epifauna
5105050321,71731,Colus halli (snail),Motile_epifauna
5105050800,71800,Neptunea sp. (snail),Motile_epifauna
5105050801,71870,Neptunea lyrata,Motile_epifauna
5105050805,71820,Neptunea pribiloffensis (snail),Motile_epifauna
5105050810,71884,Neptunea heros (snail),Motile_epifauna
5105050911,71893,Plicifusus brunneus,Motile_epifauna
5105100102,72797,Beatic olive Olivella beatica,Motile_epifauna
5105140100,NA,snail Admete sp.,Motile_epifauna
5106020000,72058,Turridae (snail) Turridae,Motile_epifauna
5106020400,72100,Oenopota sp. (Turridae),Motile_epifauna
5108010200,NA,Turbonilla sp. (snail),Motile_epifauna
5108999999,NA,pelagic snails,Motile_epifauna
5109000000,NA,Pteropoda,Gelatinous_omnivores
5110000000,71007,Cephalaspidea (snail),Gelatinous_omnivores
5110040200,NA,Cylichna sp. (snail),Gelatinous_omnivores
5110040203,73351,Cylichna alba (gastropod),Gelatinous_omnivores
5110090101,NA,Diaphanidae (snail) Diaphana minuta,Gelatinous_omnivores
5113000000,NA,Thecosomata (pteropod),Gelatinous_omnivores
5113010100,NA,Limacina,Gelatinous_omnivores
5113010102,NA,Limacina helicina (pteropod),Gelatinous_omnivores
5125000000,NA,Gymnosomata (pteropod),Gelatinous_omnivores
5125060100,NA,Clione sp. (Pteropod),Gelatinous_omnivores
5125060101,NA,Clione limacina (pteropod),Gelatinous_omnivores
5127000000,71010,Nudibranchia (sea slug),Motile_epifauna
5134000000,NA,Dendronotoidea (nudibranch),Motile_epifauna
5300000000,70100,Polyplacophora,Motile_epifauna
5302010100,70124,Leptochitonidae Leptochiton sp.,Motile_epifauna
5400000000,NA,Aplacophora,Motile_epifauna
5500000000,74000,Bivalvia (clam),Infauna
5502000000,NA,Nuculoida (clam),Infauna
5502020000,NA,Nuculidae,Infauna
5502020200,74332,Nucula sp. (clam),Infauna
5502020201,74333,Nucula tenuis (clam),Infauna
5502040000,NA,Nuculanidae (clam),Infauna
5502040200,74435,Nuculana sp. (clam),Infauna
5502040201,74436,Nuculana pernula (Nuculanidae),Infauna
5502040203,74439,Nuculana fossa (clam),Infauna
5502040500,NA,Yoldia sp. (clam),Infauna
5502040501,NA,Yoldia amygdalea (clam),Infauna
5502040502,74420,Yoldia hyperborea,Infauna
5502040504,NA,Yoldia scissurata (clam),Infauna
5502040505,74416,Yoldiidae (clam) Yoldia seminuda,Infauna
5502040507,NA,Yoldia thraciaeformis (Axe Yoldia ),Infauna
5502040510,NA,Yoldia montereyensis (clam),Infauna
5502040600,NA,Yoldiella sp. (clam),Infauna
5504010100,NA,Solemya sp. (clam),Infauna
5506050102,74481,Akutan limops Limopsis akutanica,Infauna
5507010000,74050,Mytilidae (mussel),Infauna
5507010402,74562,Discord Mussel (mussel) Musculus discors,Infauna
5507010601,74060,Modiolus modiolus (Horse mussel),Infauna
5509050000,74100,Pectinidae (scallops),Infauna
5509050100,74104,Chlamys sp. (scallop),Infauna
5509050200,74176,Cyclopecten sp. (scallop),Infauna
5509050400,NA,Pecten sp. (scallop),Infauna
5509090101,75600,Pododesmus macrochisma (rock jingle),Infauna
5509100200,NA,Limatula spp. (file clam),Infauna
5515000000,NA,Veneroida (clam),Infauna
5515010000,NA,Lucinidae (clam),Infauna
5515010300,NA,Lucina sp. (clam),Infauna
5515020000,NA,Thyasiridae (clam),Infauna
5515020201,NA,silky axinopsid Axinopsida serricata,Infauna
5515050000,NA,Ungulinidae,Infauna
5515050100,NA,Ungulinidae Diplodonta sp.,Infauna
5515050102,NA,Ungulinidae Diplodonta aleutica,Infauna
5515100201,NA,Odontogena borealis (clam),Infauna
5515170000,74651,Carditidae ,Infauna
5515170100,74656,Cyclocardia sp. (cardita clam),Infauna
5515170102,74655,Cyclocardia crebricostata (thickribbed cardita),Infauna
5515170105,74654,Cyclocardia crassidens,Infauna
5515190100,74640,Astarte sp. (clam),Infauna
5515220000,NA,Cardiidae (cockles),Infauna
5515220100,74980,Clinocardium sp. (cockle),Infauna
5515220101,74983,Clinocardium ciliatum (Iceland cockle),Infauna
5515220102,74982,Clinocardium nuttalli (cockle),Infauna
5515220104,74985,California cockle Clinocardium californiense,Infauna
5515220200,75284,Cardiidae Serripes sp.,Infauna
5515220201,NA,Serripes groenlandicus (Greenland cockle),Infauna
5515220701,NA,Trachycardium muricatum (clam),Infauna
5515250100,NA,Spisula sp. (clam),Infauna
5515250101,NA,Spisula polynyma (clam),Infauna
5515250200,NA,Tresus sp. (clam),Infauna
5515290100,NA,Siliqua sp.(razor clam),Infauna
5515290102,NA,Siliqua alta (northern razor clam),Infauna
5515310000,NA,Tellinidae (clam),Infauna
5515310100,75240,Macoma sp. (clam),Infauna
5515310101,75242,Macoma calcarea (clam),Infauna
5515310107,75246,Macoma moesta  (clam),Infauna
5515310200,NA,Tellina sp. (clam),Infauna
5515310201,75205,Alaska great tellin Tellina lutea,Infauna
5515470800,NA,Tapes sp. (Manila clam),Infauna
5517010000,NA,Myidae (clam),Infauna
5517010200,75330,Mya sp. (soft shell clam),Infauna
5520050201,75410,clam Lyonsia arenosa,Infauna
5520100100,75551,Cardiomya sp. (clam),Infauna
5600000000,NA,Scaphopoda,Infauna
5600010000,77010,tusk shell Dentaliidae,Infauna
5602040100,77015,Cadulus sp. (scaphopod),Infauna
5700000000,78000,Cephalopoda (squid and octopus),Squid
5704020100,NA,Rossia sp. (squid),Squid
5704020101,NA,Rossia pacifica (eastern Pacific bobtail),Squid
5705000000,NA,Teuthida (squid),Squid
5706000000,NA,Myopsida (squid),Squid
5706010000,NA,Loliginidae (squid),Squid
5706010100,NA,Loligo sp. (squid),Squid
5706010101,NA,Loligo opalescens (squid),Squid
5707000000,NA,Oegopsida (squid),Squid
5707020103,79352,Abraliopsis felis (squid),Squid
5707030000,79199,Gonatidae (squid),Squid
5707030100,79250,Gonatopsis sp. (squid),Squid
5707030102,79252,Gonatopsis borealis (squid),Squid
5707030200,79200,Gonatus sp. (squid),Squid
5707030202,NA,Gonatus magister (squid),Squid
5707030203,79203,Gonatus pryo (squid),Squid
5707030205,79202,Gonatus berryi (squid),Squid
5707030206,79201,Gonatus onyx (squid),Squid
5707030207,79211,Berryteuthis anonychus (formerly Gonatus),Squid
5707030277,79205,Madoka armhook squid Gonatus madokai,Squid
5707030300,NA,Berryteuthis sp. (squid),Squid
5707030301,79210,Berryteuthis magister (squid),Squid
5707040100,NA,Octopoteuthis sp. (octopopteuthid squid),Squid
5707040103,79504,Octopoteuthis deletron (octopoteuthid squid),Squid
5707050000,NA,Onychoteuthidae,Squid
5707050101,79302,Moroteuthis robusta (squid),Squid
5707050200,NA,Onychoteuthis sp. (squid),Squid
5707050203,78312,Onychoteuthis borealijaponica (squid),Squid
5707110100,79509,Histeoteuthis sp. (squid),Squid
5707110107,79510,Histioteuthis heteropsis (histiotheuthid squid),Squid
5707150402,79260,Ommastrephes bartrami (neon flying Squid),Squid
5707150501,79365,Dosidicus gigas (giant squid),Squid
5707170100,79403,Chirotheuthis sp. (chiroteuthid squid),Squid
5707170103,79404,Chirotheuthis calyx (chirotheuthid squid),Squid
5707230000,79406,Squid Cranchiidae,Squid
5707230201,79340,Galiteuthis phyllura,Squid
5707230301,NA,Taonius pavo (squid),Squid
5707230401,79340,Galiteuthis phyllura  (squid),Squid
5707230800,NA,Galiteathis sp. (cranchiid squid),Squid
5707230901,79443,Belonella borealis (cranchiid squid),Squid
5707240101,NA,Vampycoteuthis infernalis (vampire squid),Squid
5708000000,NA,Octopoda (octopus),Octopus
5708010000,78010,Octopodidae (octopus),Octopus
5708010199,78012,Benthoctopus leioderma,Octopus
5708010200,78020,Octopus sp. (octopus),Octopus
5708010201,NA,Octopus dofleini (giant Pacific octopus),Octopus
5708020101,78022,Japetella diaphana (octopus),Octopus
5708020102,78021,Japatella heathi (octopod),Octopus
5708030101,NA,Octops,Octopus
5708070101,78030,flapjack devilfish Opisthoteuthis californiana,Octopus
5900000000,NA,Arachnida,Infauna
5905000000,NA,Scorpiones,Infauna
6000000000,69900,Pycnogonida (sea spider),Infauna
6100000000,60001,Crustacea,Motile_epifauna
6109050000,NA,Polyphemidae (cladoceran),Infauna
6110000000,NA,Ostracoda,Infauna
6111000000,NA,Myodocopa (ostracoda),Infauna
6111020300,NA,Cypridina sp (Ostracoda),Infauna
6111030000,NA,Cylindroleberididae (ostracod),Infauna
6111050100,NA,Conchoecia sp. (Ostracoda),Infauna
6117000000,64500,Copepoda,Cope_UNID
6118000000,NA,Calanoida (copepod),Cope_UNID
6118010000,NA,Calanidae (copepod),Cope_UNID
6118010200,NA,Calanus sp.,Cope_Calanus
6118010201,NA,Calanus cristatus  (copepod),Cope_Calanus
6118010202,NA,Calanidae (copepod) Calanus hyperboreus,Cope_Calanus
6118010203,NA,Calanus glacialis,Cope_Calanus
6118010204,NA,Calanus marshallae (copepod),Cope_Calanus
6118010205,NA,Calanus pacificus (copepod),Cope_Calanus
6118010206,NA,Calanus plumchrus (copepod),Cope_Calanus
6118010208,NA,Calanidae (copepod) Calanus finmarchicus,Cope_Calanus
6118010299,NA,Calanidae (copepod) Calanus glacialis/marshallae,Cope_Calanus
6118010400,NA,Neocalanus sp. (copepod),Large_copepods
6118010403,NA,Neocalanus cristatus (copepod),Large_copepods
6118010404,NA,Neocalanus plumchrus (copepod),Large_copepods
6118010499,NA,Calanidae (copepod) Neocalanus flemingeri/plumchru,Large_copepods
6118019900,NA,Mesocalanus sp.,Small_copepods
6118030000,NA,Eucalanidae (copepod),Small_copepods
6118030100,NA,Eucalanus sp. (copepod),Small_copepods
6118030102,NA,Eucalanus bungii (copepod),Small_copepods
6118030200,NA,Rhincalanus sp. (copepod),Small_copepods
6118040100,NA,Paracalanus sp. (copepod),Small_copepods
6118050000,NA,Pseudocalanidae (copepod),Small_copepods
6118050100,NA,Clausocalanus sp.,Small_copepods
6118050200,NA,Ctenocalanus so.,Small_copepods
6118050400,NA,Clausocalanidae (copepod) Microcalanus sp.,Small_copepods
6118050402,NA,Clausocalanidae (copepod) Microcalanus pygmaeus,Small_copepods
6118050500,NA,Pseudocalanus sp. (copepod),Small_copepods
6118070000,NA,Aetideidae (copepod),Small_copepods
6118070100,NA,Aetideopsis sp. (copepod),Small_copepods
6118070200,NA,Aetideus sp. (copepod),Small_copepods
6118070201,NA,Aetideus armatus,Small_copepods
6118070600,NA,Chiridius sp. (copepod),Small_copepods
6118070900,NA,Euchirella sp. (copepod),Small_copepods
6118070903,NA,Euchirella curticauda (copepod),Small_copepods
6118071000,NA,Gaetanus sp. (copepod),Small_copepods
6118071100,NA,Gaidius sp. (copepod),Small_copepods
6118080000,NA,Euchaetidae (copepod),Small_copepods
6118080100,NA,Euchaeta sp. (copepod),Small_copepods
6118080110,NA,Euchaeta elongata (copepod),Small_copepods
6118160000,NA,Metridiidae (copepod),Small_copepods
6118160101,NA,Gaussia princeps (copepod),Small_copepods
6118160200,NA,Metridia sp. (copepod),Small_copepods
6118160207,NA,Metridia lucens (copepod),Small_copepods
6118160208,NA,Metridia okhotensis (copepod),Small_copepods
6118160210,NA,Metridiidae (copepod) Metridia priceps,Small_copepods
6118160299,NA,Metridiidae (copepod) Metridia lucens/pacifica,Small_copepods
6118160300,NA,Pleuromamma sp. (copepod),Small_copepods
6118160305,NA,Metridiidae (copepod) Pleuromamma robusta,Small_copepods
6118160306,NA,Pleuromamma scutullata (copepod),Small_copepods
6118170100,NA,Centropages sp.,Small_copepods
6118170101,NA,Centropagidae (copepod) Centropages abdominalis,Small_copepods
6118200000,NA,Temoridae (copepod) ,Small_copepods
6118200203,NA,Temoridae (copepod) Eurytemora herdmani,Small_copepods
6118210100,NA,Lucicutia sp. (copepod),Small_copepods
6118220200,NA,Heterorhabdus sp. (copepod),Small_copepods
6118220210,NA,Heterorhabdus tanneri (copepod),Small_copepods
6118220300,NA,Heterostylites sp (copepod),Small_copepods
6118220302,NA,Heterostylites major (copepod),Small_copepods
6118230601,NA,Pachyptilus pacificus (copepod),Small_copepods
6118260100,NA,Candacia sp. (copepod),Small_copepods
6118260102,NA,Candacia columbiae (copepod),Small_copepods
6118270000,NA,Pontellidae (Calanoid Copepod) ,Small_copepods
6118270100,NA,Epilabidocera sp. (copepod),Small_copepods
6118270102,NA,Pontellidae (copepod) Epilabidocera longipedata,Small_copepods
6118290000,NA,Acartiidae (copepod) ,Small_copepods
6118290100,NA,Acartia sp.,Small_copepods
6118290103,NA,Acartia longiremis (copepod),Small_copepods
6118300100,NA,Tortanus sp (copepod),Small_copepods
6118300101,NA,Tortanus discaudatus (copepod),Small_copepods
6118999991,NA,Large calanoid (copepod) > 5mm,Cope_large
6118999992,NA,Medium calanoid (copepod) 2-5mm,Cope_medium
6118999993,NA,Small calanoid (copepod) < 2mm,Cope_small
6118999994,NA,Rooper's Copes < 2.5 mm (copepod),Small_copepods
6118999995,NA,Rooper's Copes => 2.5 mm (copepod),Small_copepods
6119000000,NA,Harpacticoida (copepod),Small_copepods
6119090100,NA,Ectinosomatidae (copepod) Microsetella sp.,Small_copepods
6119090101,NA,Ectinosomatidae (copepod) Microsetella norvegica,Small_copepods
6119090102,NA,Ectinosomatidae (copepod) Microsetella rosea,Small_copepods
6119999999,NA,Harpactacoida - Benthic (copepod) ,Small_copepods
6120000000,NA,copepod Cyclopoida,Small_copepods
6120010300,NA,Oncaea sp.,Small_copepods
6120010401,NA,Pseudolubbockia dilatata (copepod),Small_copepods
6120040100,NA,Corycaeus sp.,Small_copepods
6120090100,NA,Oithona sp.,Small_copepods
6122000000,NA,Monstrilloida (copepod),Small_copepods
6123000000,NA,Caligoida (copepod),Small_copepods
6129000000,NA,Arguloidea (brachiopod),Infauna
6130000000,65000,Cirripedia (barnacle),Infauna
6132000000,NA,Lepadomorpha (pedunculate barnacles),Infauna
6132050300,65101,Lepas sp. (pelagic barnacle),Infauna
6134000000,NA,Balanomorpha (barnacle),Infauna
6137000000,NA,Apygophora (barnacle),Infauna
6143000000,NA,Malacostraca,Mysids
6144000000,NA,Malacostraca Phyllocarida ,Mysids
6145000000,NA,Malacostraca Leptostraca,Mysids
6145010100,NA,Nebaliidae (Leptostraca) Nebalia sp.,Mysids
6145010101,NA,Malacostraca Leptostraca Nebalia bipes,Mysids
6145010200,NA,leptostraca Nebaliella spp.,Mysids
6149000000,NA,Peracarida (Alison's code) ,Mysids
6151000000,NA,Mysidacea (mysid),Mysids
6152000000,NA,Lophogastrida (mysid),Mysids
6152010000,NA,Lophogastridae (mysid),Mysids
6152010100,NA,Gnathophausia sp.,Mysids
6152010101,NA,Gnathophausia gigas (mysid),Mysids
6152010105,NA,Gnathophausia ingens (mysid),Mysids
6152020000,NA,Eucopiidae,Mysids
6152020100,NA,Eucopia sp.,Mysids
6152020101,NA,Eucopia unguiculata (mysid),Mysids
6152020103,NA,Eucopia grimaldii,Mysids
6153000000,64000,Mysida (mysid),Mysids
6153010000,NA,Mysidae (mysid),Mysids
6153010100,NA,Acanthomysis sp. (mysid),Mysids
6153010101,NA,Acanthomysis columbiae,Mysids
6153010103,NA,Acanthomysis dybowskii (mysid),Mysids
6153010104,NA,Acanthomysis marcropsis (mysid),Mysids
6153010105,NA,Acanthomysis nephrophthalma (mysid),Mysids
6153010106,NA,Acanthomysis pseudomacropsis (mysid),Mysids
6153010107,NA,Mysid Holmesimysis sculpta,Mysids
6153010108,NA,Acanthomysis stelleri (mysid),Mysids
6153010111,NA,Exacanthomysis alaskensis (mysid),Mysids
6153010112,NA,Exacanthomysis arctopacifica (mysid),Mysids
6153010200,NA,Amblyops sp. (mysid),Mysids
6153010301,NA,Archaeomysis grebnitzkii (mysid),Mysids
6153010400,NA,Boreomysis sp. (mysid),Mysids
6153010901,NA,Holmesiella anomala (mysid),Mysids
6153011200,NA,Meterythrops sp. (mysid),Mysids
6153011201,NA,Meterythrops robusta (mysid),Mysids
6153011203,NA,Meterythrops micropthalmus (mysid),Mysids
6153011403,NA,Mysidae Mysis oculata,Mysids
6153011500,NA,Neomysis sp. (mysid),Mysids
6153011501,64101,Neomysis awatschensis (mysid),Mysids
6153011502,NA,Neomysis czerniawskii (mysid),Mysids
6153011503,NA,Mysidae (mysid) Neomysis intermedia,Mysids
6153011504,NA,Neomysis kadiakensis (mysid),Mysids
6153011505,NA,Neomysis mercedis,Mysids
6153011506,NA,Neomysis mirabilis,Mysids
6153011507,NA,Neomysis rayii (mysid),Mysids
6153011900,NA,Pseudomma sp. (mysid),Mysids
6153011901,NA,Psuedomma berkeleyi (mysid),Mysids
6153011902,NA,Pseudomma truncatum (mysid),Mysids
6153012000,NA,Stilomysis sp. (mysid),Mysids
6153012002,NA,Mysidae (mysid) Stilomysis grandis,Mysids
6153012301,NA,Mysidae (mysid) Erythrops erythrophthalma,Mysids
6153012604,NA,Archaeomysis maculata (mysid),Mysids
6153015500,64100,Mysidae (Mysid) Michthyops sp.,Mysids
6153020300,NA,Petalophthalmus sp. (mysid),Mysids
6154000000,63000,Cumacea (cumacean),Infauna
6154010000,NA,Lampropidae (cumacean),Infauna
6154010100,NA,Lamprops sp. (cumacean),Infauna
6154040000,NA,Leuconidae (cumacean),Infauna
6154040100,NA,Leucon sp. (cumacean),Infauna
6154040101,NA,Leucon nasica (Leuconidae),Infauna
6154040104,NA,Cumacean Leucon magnadentatus,Infauna
6154040200,NA,Eudorella sp. (cumacean),Infauna
6154040300,NA,Leuconidae (cumacean) Eudorellopsis sp.,Infauna
6154040301,NA,Eudorellopsis integra (cumacean),Infauna
6154040302,NA,Eudorellopsis derzhavini (Leuconidae),Infauna
6154040304,NA,Eudorellopsis deformis (Leuconidae),Infauna
6154050000,NA,Diastylidae (cumacean),Infauna
6154050100,63100,Diastylis sp. (cumacean),Infauna
6154050103,NA,Diastylis bidentata (cumacean),Infauna
6154050200,NA,Diastylopsis sp. (cumacean),Infauna
6154050400,NA,Diastylidae (cumacean) Leptostylis sp.,Infauna
6154050501,NA,Colurostylis occidentalis (cumacean),Infauna
6154050800,NA,Oxyurostylis sp. (cumacean),Infauna
6154080100,NA,Cumella sp. (cumacean),Infauna
6154090000,NA,Bodotriidae (cumacean),Infauna
6154090200,NA,Cyclaspis sp. (cumacean),Infauna
6154090300,NA,Leptocuma sp. (cumacean),Infauna
6155000000,NA,Tanaidacea (peracaridan),Infauna
6158000000,62000,Isopoda (isopod),Infauna
6159010100,NA,Gnathia sp. (isopod),Infauna
6160000000,NA,Anthuridea (Isopod),Infauna
6161000000,NA,Flabellifera (isopod),Infauna
6161020300,62015,Gnorimosphaeroma sp. (isopod),Infauna
6161020601,NA,Ancinus depressus (isopod),Infauna
6161070203,NA,Rocinela augustata (Sea cockroach),Infauna
6162000000,NA,Valvifera (isopod),Infauna
6162010000,62001,Arcturidae (isopod),Infauna
6162010200,62005,Arcturus sp.,Infauna
6162010202,62003,Arcturus longispinus (isopod),Infauna
6162020000,62012,Idoteidae (isopod),Infauna
6162020101,NA,Idoteidae (isopod) Saduria entomon,Infauna
6162020200,NA,Synidotea sp. (isopod),Infauna
6162020205,NA,Synidotea nodulosa Synidotea nodulosa,Infauna
6162020303,NA,Synidotea fewkosi (isopod),Infauna
6163000000,NA,Asellota (isopod),Infauna
6163060800,NA,Caecijaera sp. (isopoda),Infauna
6164000000,NA,Microcerberidea,Infauna
6167000000,NA,Phreatoicidea (Isopod suborder),Infauna
6168000000,60100,Amphipoda (amphipod),Motile_epifauna
6168150000,NA,Corophiidea (amphipod),Motile_epifauna
6169000000,NA,Gammaridea (amphipod),Motile_epifauna
6169000099,NA,Type a gammarid amphipod ( *** temp. num ***),Motile_epifauna
6169010000,NA,Acanthonotozomatidae (amphipod),Motile_epifauna
6169010100,NA,Iphimediidae (amphipod) Acanthonotozoma sp.,Motile_epifauna
6169020000,NA,Ampeliscidae (amphipod),Motile_epifauna
6169020100,60102,Ampelisca sp. (amphipod),Motile_epifauna
6169020101,60150,Ampelisca macrocephala (amphipod),Motile_epifauna
6169020105,NA,Ampeliscidae (amphipod) Ampelisca eschrichti,Motile_epifauna
6169020200,NA,Byblis sp. (amphipod),Motile_epifauna
6169020201,NA,Byblis crassicornis (amphipod),Motile_epifauna
6169020202,NA,Byblis gaimardi (amphipod),Motile_epifauna
6169020207,NA,Byblis longicornis (amphipod),Motile_epifauna
6169020208,NA,Byblis abyssi (amphipod),Motile_epifauna
6169020209,NA,Byblis erythrops (amphipod),Motile_epifauna
6169020300,NA,Ampeliscidae (amphipod) Haploops sp.,Motile_epifauna
6169020302,NA,Ampeliscidae (amphipod) Haploops laevis,Motile_epifauna
6169030000,NA,Amphilochidae (amphipod) ,Motile_epifauna
6169060000,NA,Aoridae  (amphipod),Motile_epifauna
6169060300,NA,Lembos sp. (amphipod),Motile_epifauna
6169061400,21388,Aoridae (amphipod) Arctolembos sp.,Motile_epifauna
6169069900,NA,Aoridae (amphipod) Unciola sp.,Motile_epifauna
6169069901,NA,Aoridae (amphipod) Unciola leucopis,Motile_epifauna
6169090105,NA,Atylus collingi (amphipod),Motile_epifauna
6169120000,NA,Calliopiidae (amphipod) ,Motile_epifauna
6169120100,NA,Calliopiidae (amphipod) Apherusa sp.,Motile_epifauna
6169120200,NA,Calliopiidae Calliopius sp.,Motile_epifauna
6169120405,NA,Calliopiidae (amphipod) Halirages nilssoni,Motile_epifauna
6169121401,NA,Calliopiidae (amphipod) Weyprechtia heugleni,Motile_epifauna
6169129900,NA,Calliopiidae (amphipod) Paracalliopiella sp.,Motile_epifauna
6169150000,NA,Corophiidae (amphipod),Motile_epifauna
6169150300,NA,Ericthonius sp. (amphipod),Motile_epifauna
6169150500,NA,Neohela sp. (amphipod),Motile_epifauna
6169159900,NA,Corophiidae (amphipod) Crassicorophium sp.,Motile_epifauna
6169200000,NA,Eusiridae (amphipod),Motile_epifauna
6169200300,NA,Cleonardopsis sp. (amphipod),Motile_epifauna
6169200500,NA,Eusirella sp. (amphipod),Motile_epifauna
6169200501,NA,Eusiriella multicalcaeola (amphipod),Motile_epifauna
6169200800,NA,Eusiridae (amphipod) Eusirus sp.,Motile_epifauna
6169200802,60105,Eusiridae Eusirus cuspidatus,Motile_epifauna
6169201200,NA,Pontogeneia sp. (amphipod),Motile_epifauna
6169201300,60111,Rhachotropis sp. (amphipod),Motile_epifauna
6169201305,60112,Eusiridae (amphipod) Rhachotropis aculeata,Motile_epifauna
6169201307,60112,Rhachotropis oculata (amphipod),Motile_epifauna
6169201401,NA,Eusiridae (amphipod) Rozinante fragilis,Motile_epifauna
6169210000,60110,Gammaridae (amphipod),Motile_epifauna
6169210700,NA,Gammaridae (amphipod) Gammarus sp.,Motile_epifauna
6169210800,NA,Maera sp. (amphipod),Motile_epifauna
6169210802,NA,Maera loveni (amphipod),Motile_epifauna
6169211000,60132,Melita sp. (amphipod),Motile_epifauna
6169211003,60130,Melita dentata  (amphipod),Motile_epifauna
6169211401,NA,Weyprechtia heugleni (amphipod),Motile_epifauna
6169220000,NA,Haustoriidae (amphipod),Motile_epifauna
6169220100,NA,Eohaustorius sp.,Motile_epifauna
6169220102,NA,Eohaustorius eous (amphipod),Motile_epifauna
6169220200,NA,Pontoporeia sp. (amphipod),Motile_epifauna
6169220201,NA,Pontoporeia femorata  (amphipod),Motile_epifauna
6169260000,NA,Isaeidae (amphipod),Motile_epifauna
6169260200,NA,Photis sp. (amphipod),Motile_epifauna
6169260202,NA,Isaeidae (amphipod) Photis reinhardi,Motile_epifauna
6169260205,NA,Isaeidae (amphipod) Photis fischmanni,Motile_epifauna
6169260300,NA,Protomedeia sp. (amphipod),Motile_epifauna
6169260301,NA,Isaeidae (amphipod) Protomedeia fasciata,Motile_epifauna
6169260303,NA,Protomedeia grandimana (amphipod),Motile_epifauna
6169260400,NA,Gammaropsis sp. (amphipod),Motile_epifauna
6169260404,NA,Gammaropsis nitida (amphipod),Motile_epifauna
6169260500,NA,Podoceropsis sp. (amphipod),Motile_epifauna
6169260501,NA,Podoceropsis nitida (amphipod),Motile_epifauna
6169269901,NA,Cheiriphotis megacheles  (amphipod),Motile_epifauna
6169270000,NA,Ischyroceridae (amphipod),Motile_epifauna
6169270200,NA,Ischyrocerus sp. (amphipod),Motile_epifauna
6169270500,NA,Parajassa sp. (amphipod),Motile_epifauna
6169279900,NA,Ischyroceridae (amphipod) Erichthonius sp.,Motile_epifauna
6169279905,NA,Ischyroceridae (amphipod) Erichthonius tolli,Motile_epifauna
6169280100,NA,Gammarid Isopod (Maera sp) Maera sp.,Motile_epifauna
6169330000,NA,Liljeborgiidae (amphipod) ,Motile_epifauna
6169340000,60149,Lysianassidae (amphipod),Motile_epifauna
6169340300,60140,Anonyx sp. (amphipod),Motile_epifauna
6169341100,NA,Cyphocaris sp. (amphipod),Motile_epifauna
6169341400,NA,Hippomedon sp. (amphipod),Motile_epifauna
6169341402,NA,Lysianassidae Hippomedon denticulatus,Motile_epifauna
6169342104,NA,Lysianassidae Lepidepecreum cormatum,Motile_epifauna
6169342700,NA,Lysianassidae (amphipod) Onisimus sp.,Motile_epifauna
6169343200,NA,Scopelocheiridae (amphipod) Paracallisoma spp.,Motile_epifauna
6169344700,NA,Valettiopsis sp. (amphipod),Motile_epifauna
6169345401,NA,Alicella gigantea(amphipod),Motile_epifauna
6169345501,NA,Valettia coheres (amphipod),Motile_epifauna
6169345600,NA,Lysianassidae (amphipod) Wecomedon sp.,Motile_epifauna
6169345601,NA,Lysianassidae (amphipod) Wecomedon similis,Motile_epifauna
6169350000,NA,Melphidippidae (amphipod),Pelagic_amphipods
6169350100,NA,Melphidippa sp. (amphipod),Pelagic_amphipods
6169370000,NA,Oedicerotidae (amphipod),Pelagic_amphipods
6169370200,NA,Aceroides sp. (amphipod),Pelagic_amphipods
6169370201,NA,Oedicerotidae (amphipod) Aceroides latipes,Pelagic_amphipods
6169370401,NA,Arrhis luthkei (amphipod),Pelagic_amphipods
6169370500,NA,Bathymedon sp. (amphipod),Pelagic_amphipods
6169370504,NA,Bathymedon nanseni (amphipod),Pelagic_amphipods
6169370800,NA,Monoculodes sp. (amphipod),Pelagic_amphipods
6169370801,NA,Monoculodes borealis (amphipod),Pelagic_amphipods
6169370802,NA,Monoculodes castalskii (amphipod),Pelagic_amphipods
6169370816,NA,Monoculodes zernovi (amphipoda),Pelagic_amphipods
6169371302,NA,Pontocrates arenarius (amphipod),Pelagic_amphipods
6169371500,NA,Westwoodilla sp. (amphipod),Motile_epifauna
6169371502,NA,Westwoodilla caecula (amphipod),Motile_epifauna
6169379900,NA,Oedicerotidae (amphipod) Pacifoculodes sp.,Motile_epifauna
6169390000,NA,Gammarid amphipod Epimeriidae,Motile_epifauna
6169390300,60117,Epimeriidae (amphipod) Paramphithoe sp.,Motile_epifauna
6169400000,NA,Pardaliscidae (amphipod),Motile_epifauna
6169400100,NA,Pardaliscidae (amphipod) Halice sp.,Motile_epifauna
6169400300,NA,Pardalisca sp. (amphipod),Pelagic_amphipods
6169420000,NA,Phoxocephalidae (amphipod),Pelagic_amphipods
6169420100,NA,Harpinia sp. (amphipod),Pelagic_amphipods
6169420105,NA,Harpinia gurjanovae (amphipod),Pelagic_amphipods
6169420200,NA,Phoxocephalidae (amphipod) Harpiniopsis sp.,Pelagic_amphipods
6169420300,NA,Heterophoxus sp. (amphipod),Pelagic_amphipods
6169420900,NA,Paraphoxus sp. (amphipod),Pelagic_amphipods
6169421100,NA,Proharpinia sp. (amphipod),Pelagic_amphipods
6169421706,NA,Phoxocephalidae Grandifoxus acanthinus,Pelagic_amphipods
6169429800,NA,Phoxocephalidae (amphipod) Foxiphalus sp.,Pelagic_amphipods
6169429900,NA,Phoxocephalidae (amphipod) Harpiniinae (subfamily),Pelagic_amphipods
6169430000,NA,Pleustidae (amphipod),Pelagic_amphipods
6169430405,NA,Pleustidae (amphipod) Pleustes panoplus,Pelagic_amphipods
6169430500,NA,Pleusymtes sp. (amphipod),Pelagic_amphipods
6169430503,NA,Pleusymtes glaber (amphipod),Pelagic_amphipods
6169440000,NA,Podoceridae (amphipod),Motile_epifauna
6169440100,NA,Dulichia sp. (amphipod),Motile_epifauna
6169440106,NA,Podoceridae (amphipod) Dulichia spinosissima,Motile_epifauna
6169440199,NA,Podoceridae (amphipod) Dyopedos sp.,Motile_epifauna
6169470000,NA,Stegocephalidae (Amphipod) ,Motile_epifauna
6169470301,NA,Parandania boecki (amphipod),Pelagic_amphipods
6169480000,NA,Stenothoidae (amphipod),Pelagic_amphipods
6169480302,NA,Stenothoidae (amphipod) Metopella longimanna,Pelagic_amphipods
6169480400,NA,Metopelloides sp. (amphipod),Pelagic_amphipods
6169480500,NA,Stenothoidae (amphipod) Metopa sp.,Pelagic_amphipods
6169490201,NA,Stilipedidae (amphipod) Stilipes distincta,Pelagic_amphipods
6169500000,NA,Synopiidae (amphipod),Pelagic_amphipods
6169500300,NA,Syrrhoe sp. (amphipod),Pelagic_amphipods
6169500301,NA,Syrrhoe crenulata (amphipod),Pelagic_amphipods
6169500303,NA,Synopiidae (amphipod) Syrrhoe oluta,Pelagic_amphipods
6169500501,NA,Synopiidae (amphipod) Tiron spiniferum,Pelagic_amphipods
6169510106,NA,Talitridae (amphipod) Traskorchestia traskiana,Pelagic_amphipods
6169800000,60149,Gammarid Amphipod Lysianassoidea,Pelagic_amphipods
6169920000,NA,Alicellidae (amphipod),Pelagic_amphipods
6169925401,NA,Alicellidae (amphipod) Alicella gigantea,Pelagic_amphipods
6169930000,NA,Valettiopsidae (amphipod),Pelagic_amphipods
6169934700,NA,Valettiopsidae (amphipod) Valettiopsis sp.,Pelagic_amphipods
6169940000,NA,Atylidae (amphipod),Pelagic_amphipods
6169940105,NA,Atylidae (amphipod) Atylus collingi,Pelagic_amphipods
6169950000,NA,Uristidae (amphipod),Pelagic_amphipods
6169950300,60140,Uristidae (amphipod) Anonyx sp.,Pelagic_amphipods
6169950302,60109,Uristidae (amphipod) Anonyx nugax,Pelagic_amphipods
6169950399,NA,Uristidae (amphipod) Anonyx gurjanovai,Pelagic_amphipods
6169960000,NA,Maeridae (amphipod) ,Pelagic_amphipods
6169960800,NA,Maeridae (amphipod) Maera sp.,Pelagic_amphipods
6169960801,NA,Maeridae (amphipod) Maera danae,Pelagic_amphipods
6169960802,NA,Maeridae  (amphipod) Maera loveni,Pelagic_amphipods
6169970000,NA,Pontoporeiidae (amphipod) ,Pelagic_amphipods
6169970200,NA,Pontoporeiidae (amphipod) Pontoporeia sp.,Pelagic_amphipods
6169970201,NA,Pontoporeiidae (amphipod) Pontoporeia femorata,Pelagic_amphipods
6169970301,NA,Pontoporeiidae (amphipod) Priscillina armata,Pelagic_amphipods
6169980000,NA,Urothoidae (amphipod) ,Pelagic_amphipods
6169980400,NA,Urothoidae (amphipod) Urothoe sp.,Pelagic_amphipods
6169990000,NA,Melitidae (amphipod) ,Pelagic_amphipods
6169991000,60132,Melitidae (amphipod) Melita sp.,Pelagic_amphipods
6169991002,NA,Melitidae (amphipod) Melita formosa,Pelagic_amphipods
6169991003,60130,Melitidae (amphipod) Melita dentata,Pelagic_amphipods
6169991100,NA,Melitidae (amphipod) Melitoides sp.,Pelagic_amphipods
6169991101,NA,Melitidae (amphipod) Melitoides makarovi,Pelagic_amphipods
6169999800,NA,Melitidae (amphipod) Megamoera sp.,Pelagic_amphipods
6169999801,NA,Melitidae (amphipod) Megamoera dentata,Pelagic_amphipods
6169999899,NA,Melitidae (amphipod) Megamoera mikulitschae,Pelagic_amphipods
6169999901,60131,Melitidae (amphipod) Quasimelita formosa,Pelagic_amphipods
6170000000,NA,Hyperiidea (amphipod),Pelagic_amphipods
6170010000,NA,Hyperiidae (amphipod),Pelagic_amphipods
6170010100,NA,Hyperia sp. (amphipod),Pelagic_amphipods
6170010101,NA,Hyperiidae (amphipod) Hyperia galba,Pelagic_amphipods
6170010103,NA,Hyperia medusarum (amphipod),Pelagic_amphipods
6170010105,NA,Hyperia anarctica (amphipod),Pelagic_amphipods
6170010700,NA,Hyperoche sp. (amphipod),Motile_epifauna
6170011000,NA,Themisto sp. (amphipod),Motile_epifauna
6170011001,NA,Parathemisto groacilepes (amphipod),Motile_epifauna
6170011002,NA,Parathemisto libellula (amphipod),Pelagic_amphipods
6170011003,NA,Themisto pacifica (amphipod),Pelagic_amphipods
6170011004,NA,Themisto japonica  (amphipod),Pelagic_amphipods
6170011005,NA,Themisto abyssorum (amphipod),Pelagic_amphipods
6170030000,NA,Phronimidae,Pelagic_amphipods
6170030100,NA,Phronima,Pelagic_amphipods
6170030101,NA,Phronimidae (amphipod) Phronima sedentaria,Pelagic_amphipods
6170040000,55900,Phrosinidae (amphipod),Pelagic_amphipods
6170040300,41520,Primno sp. (amphipod),Pelagic_amphipods
6170040302,NA,Primno macropa (amphipod),Pelagic_amphipods
6170050100,NA,Lycaeopsidae (amphipod) Lycaeopsis sp.,Pelagic_amphipods
6170080100,NA,Lycaea,Motile_epifauna
6170150100,NA,Scina,Motile_epifauna
6170160300,NA,Hyperiidea (Amphipod) Mimonecteola sp.,Motile_epifauna
6170180100,NA,Lanceolidae (amphipod) Lanceola sp.,Motile_epifauna
6170190100,NA,Vibilia sp.,Motile_epifauna
6170210100,NA,Paraphronima,Motile_epifauna
6171000000,NA,Caprellidea (amphipod),Motile_epifauna
6171010000,NA,Caprellidae (amphipod),Motile_epifauna
6171010700,60145,Caprellidae (amphipod) Caprella sp.,Motile_epifauna
6171010722,NA,Caprella striata (amphipod),Motile_epifauna
6173000000,NA,Eucarida,Infauna
6174000000,63500,Euphausiacea (euphausiid),Euphausiids
6174010000,NA,Bentheuphausiidae,Euphausiids
6174020000,NA,Euphausiidae (euphausiid),Euphausiids
6174020001,NA,Calytopsis larvae (euphausiid),Euphausiids
6174020002,NA,Furcilia larvae (euphausiid),Euphausiids
6174020100,NA,Euphausia sp. (euphausiid),Euphausiids
6174020101,NA,Euphausia pacifica (euphausiid),Euphausiids
6174020126,NA,Euphausia gibboides (euphausiid),Euphausiids
6174020302,NA,Nematobrachion boopis,Euphausiids
6174020400,NA,Nematoscelis sp.,Euphausiids
6174020401,NA,Nematoscelis difficilis (euphausiid),Euphausiids
6174020504,NA,Nyctiphanes simplex (euphausiid),Euphausiids
6174020701,NA,Stylocheiron longicorne (euphausiid),Euphausiids
6174020702,NA,Stylocheiron maximum,Euphausiids
6174020801,NA,Tessarabrachion oculatum,Euphausiids
6174020900,NA,Thysanoessa sp. (euphausiid),Euphausiids
6174020902,NA,Thysanoessa inermis (euphausiid),Euphausiids
6174020903,NA,Thysanoessa inspinata (euphausiid),Euphausiids
6174020905,NA,Thysanoessa longipes (euphausiid),Euphausiids
6174020906,NA,Thysanoessa raschi (euphausiid),Euphausiids
6174020907,NA,Thysanoessa spinifera (euphausiid),Euphausiids
6175000000,NA,Decapoda (shrimp and crab),Motile_epifauna
6177010000,66140,Penaeidae,Motile_epifauna
6177010301,NA,Metapenaeopsis goodei,Motile_epifauna
6177020000,NA,Sergestidae (sergestid shrimp),Motile_epifauna
6177020300,NA,Sergestes sp. (sergestid shrimp),Motile_epifauna
6177020301,NA,Sergestes similis (Pacific sergestid),Motile_epifauna
6177060100,NA,Bentheogennema sp. (blunt tailed shrimp),Motile_epifauna
6177060101,NA,Bentheogennema borealis (Northern blunt-tailed shrimp),Motile_epifauna
6177060102,NA,Bentheogennema bu (Burkenroad's blunt-tailed shrimp),Motile_epifauna
6178000000,NA,Natantia (shrimp),Motile_epifauna
6178000099,NA,Unidentified deep water shrimp (re:Troy,Motile_epifauna
6179000000,66145,Caridea (shrimp),Motile_epifauna
6179010000,66810,Oplophoridae (shrimp),Motile_epifauna
6179010100,66839,Hymenodora sp. (shrimp),Motile_epifauna
6179010102,66840,Hymenodora frontalis (Pacific amber eye),Motile_epifauna
6179010501,66815,Notostomus japonicus (Oplophoridae),Motile_epifauna
6179050000,66750,Pasiphaeidae (shrimp),Motile_epifauna
6179050100,NA,Pasiphaea sp. (glass shrimp),Motile_epifauna
6179050101,66770,Pasiphaea pacifica (shrimp),Motile_epifauna
6179050103,66772,Pasiphaea tarda (crimson pasiphaeid shrimp),Motile_epifauna
6179050300,NA,Parapasiphae sp. (grooved-back shrimp),Motile_epifauna
6179050301,66761,Parapasiphae sulcatiformes,Motile_epifauna
6179160000,66150,Hippolytidae (shrimp),Motile_epifauna
6179160200,NA,Spirontocaris sp. (shrimp),Motile_epifauna
6179160201,NA,Spirontocaris prionota (shrimp),Motile_epifauna
6179160202,NA,Spirontocaris lamellicornis (shrimp),Motile_epifauna
6179160206,NA,Spirontocaris ochotensis (shrimp),Motile_epifauna
6179160210,NA,Spirontocaris arcuata (shrimp),Motile_epifauna
6179160212,NA,Spirontocaris sica (dagger bladed shrimp),Motile_epifauna
6179160214,NA,Spirontocaris holmesi (shrimp),Motile_epifauna
6179160298,NA,Blunt bladed shrimp Spirontocaris truncata,Motile_epifauna
6179160299,66169,Hippolytidae (shrimp) Spirontocaris intermedia,Motile_epifauna
6179160300,66200,Lebbeus sp. (shrimp),Motile_epifauna
6179160301,66203,Lebbeus groenlandicus (shrimp),Motile_epifauna
6179160305,66204,Lebbeus polaris (shrimp),Motile_epifauna
6179160306,66201,Lebbeus grandimana (candy stripe shrimp),Motile_epifauna
6179160398,66202,false candy-stripe Lebbeus acudactylus,Motile_epifauna
6179160399,66205,Cleaner lebbid (shrimp) Lebbeus mundus,Motile_epifauna
6179160400,66170,Eualus sp. (shrimp),Motile_epifauna
6179160401,66171,Eualus barbatus (shrimp),Motile_epifauna
6179160402,66190,Eualus biunguis (shrimp),Motile_epifauna
6179160403,66180,Eualus macrophthalmus (shrimp),Motile_epifauna
6179160404,66174,Eualus fabricii (shrimp),Motile_epifauna
6179160405,66193,Eualus suckleyi (shrimp),Motile_epifauna
6179160406,66175,Eualus gaimardii (shrimp),Motile_epifauna
6179160407,66173,Eualus townsendi (shrimp),Motile_epifauna
6179160408,66177,Eualus pusiolus (shrimp),Motile_epifauna
6179160410,66192,Eualus stoneyi (shrimp),Motile_epifauna
6179160411,66172,Eualus avinus (shrimp),Motile_epifauna
6179160412,66179,Eualus macilentus (shrimp),Motile_epifauna
6179160500,66301,Heptacarpus sp. (shrimp),Motile_epifauna
6179160501,NA,Heptacarpus decorus (elegant coastal shrimp),Motile_epifauna
6179160502,NA,Heptacarpus tridens (shrimp),Motile_epifauna
6179160503,66304,Heptacarpus stylus (shrimp),Motile_epifauna
6179160504,66032,Aleutian coastal shrimp (shrimp) Heptacarpus maxil,Motile_epifauna
6179160505,66306,Heptacarpus camtschatica (northern coastal shrimp),Motile_epifauna
6179160507,66303,Heptacarpus moseri (shrimp),Motile_epifauna
6179160509,NA,Slenderbeak coastal shrimp Heptacarpus flexus,Motile_epifauna
6179180000,66019,Pandalidae (shrimp),Pandalid_shrimp
6179180100,66020,Pandalus sp. (shrimp),Pandalid_shrimp
6179180101,NA,Pandalus borealis (shrimp),Pandalid_shrimp
6179180102,66045,Pandalus goniurus (shrimp),Pandalid_shrimp
6179180103,66030,Pandalus jordani (shrimp),Pandalid_shrimp
6179180104,66034,Pandalus montagui tridens (shrimp),Pandalid_shrimp
6179180105,66040,Pandalus platyceros (shrimp),Pandalid_shrimp
6179180106,66050,Pandalus hypsinotus (humpback shrimp),Pandalid_shrimp
6179180107,66025,Pandalus danae (coonstripe shrimp),Pandalid_shrimp
6179180108,66055,Pandalus stenolepis (shrimp),Pandalid_shrimp
6179180200,66059,Pandalopsis sp. (shrimp),Pandalid_shrimp
6179180201,66130,Pandalopsis ampla (shrimp),Pandalid_shrimp
6179180202,66060,Pandalopsis aleutica (shrimp),Pandalid_shrimp
6179180204,66120,Pandalopsis dispar (sidestripe shrimp),Pandalid_shrimp
6179220000,66500,Crangonidae (shrimp),Motile_epifauna
6179220100,66502,Crangon sp. (shrimp),Motile_epifauna
6179220102,66512,Crangon alaskensis (shrimp),Motile_epifauna
6179220103,66548,Crangon septemspirosa (Sand shrimp),Motile_epifauna
6179220104,66509,Crangon alba (shrimp),Motile_epifauna
6179220105,NA,Crangon stylirostris (shrimp),Motile_epifauna
6179220106,66530,Crangon dalli (shrimp),Motile_epifauna
6179220107,66517,Crangon franciscorum,Motile_epifauna
6179220109,66515,Crangon communis (shrimp),Motile_epifauna
6179220113,NA,Crangon variabilis,Motile_epifauna
6179220116,66520,Crangon resima (shrimp),Motile_epifauna
6179220124,66510,Crangon abyssorum (abyssal crangon),Motile_epifauna
6179220200,NA,Sclerocrangon,Motile_epifauna
6179220201,NA,Sclerocrangon boreas (shrimp),Motile_epifauna
6179220202,66602,Rhynocrangon alata (saddle-back shrimp),Motile_epifauna
6179220203,NA,Sclerocrangon sharpi,Motile_epifauna
6179220300,66570,Argis sp. (shrimp),Motile_epifauna
6179220301,66611,Argis lar (shrimp),Motile_epifauna
6179220302,66580,Argis dentata (shrimp),Motile_epifauna
6179220303,66614,Argis ovifer (shrimp),Motile_epifauna
6179220304,66575,Argis alaskensis (shrimp),Motile_epifauna
6179220305,66612,Argis crassa,Motile_epifauna
6179220306,66613,Argis levior (Nelson's argid),Motile_epifauna
6179220401,NA,horned shrimp (shrimp) Paracrangon echinata,Motile_epifauna
6179220501,66605,Sevenline Shrimp Sabinea septemcarinata,Motile_epifauna
6179221100,66606,Rhynocrangon sp.,Motile_epifauna
6179221300,66533,Metacrangon sp. (spinyhead shrimp),Motile_epifauna
6179221303,66534,Metacrangon munita,Motile_epifauna
6179221305,NA,Metacrangon spinosissima (southern spinyhead),Motile_epifauna
6179221306,66535,Metacrangon variabilis (deepsea spinyhead),Motile_epifauna
6179221400,NA,Crangonidae (shrimp) Neocrangon sp.,Motile_epifauna
6179229900,NA,Crangon Complex,Motile_epifauna
6180000000,NA,Reptantia (crab),Motile_epifauna
6180000001,NA,Decapoda Reptantia legs (for unident. crabs),Motile_epifauna
6182030102,NA,Stereomastis sculpta (polychelid lobster),Motile_epifauna
6183000000,69000,Anomura (crab),Motile_epifauna
6183004001,NA,Pleuroncodes planipes (pelagic red crab),Motile_epifauna
6183020000,NA,Axiidae (Mud shrimps),Motile_epifauna
6183020100,NA,Axiidae (Mud shrimps) Calastacus spp.,Motile_epifauna
6183020101,69642,Calastacus investigatoris (mud shrimp),Motile_epifauna
6183020103,NA,Calastacus quinqueseriatus (mud shrimp),Motile_epifauna
6183020400,NA,Axiopsis sp. (mud shrimp),Motile_epifauna
6183020402,NA,Axiopsis spinulicauda (mud shrimp),Motile_epifauna
6183040000,NA,Callianassidae (mud shrimp),Motile_epifauna
6183040200,NA,Callianopsis sp. (mud shrimp),Motile_epifauna
6183040203,69652,Callianassa goniopthalma (mud shrimp),Motile_epifauna
6183040204,69653,Callianassa californiensis (ghost shrimp),Motile_epifauna
6183060000,69010,Paguridae (hermit crab),Motile_epifauna
6183060001,NA,Paguridae legs (hermit crabs),Motile_epifauna
6183060200,69035,Pagurus sp. (hermit crab),Motile_epifauna
6183060202,69090,Pagurus ochotensis (hermit crab),Motile_epifauna
6183060203,69060,Pagurus aleuticus (aleutian hermit),Motile_epifauna
6183060205,69120,Hairy hermit Pagurus capillatus,Motile_epifauna
6183060207,69085,Pagurus kennerlyi (blue spined hermit),Motile_epifauna
6183060216,69070,Pagurus confragosus (knobby hand hermit),Motile_epifauna
6183060217,69100,Pagurus tanneri (Longhand hermit crab),Motile_epifauna
6183060218,69080,Pagurus cornutus (corny hand hermit),Motile_epifauna
6183060219,69086,Pagurus trigonocheirus (hermit crab),Motile_epifauna
6183060221,69042,Pagurus brandti (sponge hermit crab),Motile_epifauna
6183060225,69095,Pagurus rathbuni (hermit crab),Motile_epifauna
6183060300,69123,Elassochirus sp.,Motile_epifauna
6183060301,22216,Elassochirus tenuimanus (widehand hermit),Motile_epifauna
6183060302,69121,Elassochirus cavimanus (purple hermit crab),Motile_epifauna
6183060303,39122,Elassochirus gilli (red hermit crab),Motile_epifauna
6183060401,69061,Labidochirus splendescens (splendid hermit crab),Motile_epifauna
6183080000,NA,Lithodidae (king crab),King_crab
6183080001,NA,Lithodidae (king crab - legs only),King_crab
6183080101,69285,Acantholithodes hispidus (fussy crab),Motile_epifauna
6183080201,96316,Hapalogaster grebnitzkii,Motile_epifauna
6183080301,69312,Dermaturus mandtii (wrinkled crab),Motile_epifauna
6183080501,69336,Placetron wosnessenskii (scale crab),Motile_epifauna
6183080601,NA,Phyllolithodes papillosus,Motile_epifauna
6183080700,69321,Paralithodes sp. (king crab),King_crab
6183080701,69322,Paralithodes camtschatica (red king crab),King_crab
6183080702,69323,Paralithodes platypus (blue king crab),King_crab
6183080703,69320,Paralithodes brevipes (brown king crab),King_crab
6183080801,69310,Lithodes aequispina (golden king crab),King_crab
6183080802,96300,Lithodes couesi (couesi king crab),King_crab
6183080901,69335,Paralomis multispina (crab),Motile_epifauna
6183081000,69260,Lopholithodes sp. (box crab),Motile_epifauna
6183081001,69280,Lopholithodes mandtii (red box crab),Motile_epifauna
6183081002,69270,Lopholithodes foraminatus (brown box crab),Motile_epifauna
6183081101,NA,Cryptolithodes sitchensis (Umbrella crab),Motile_epifauna
6183081102,NA,Cryptolithodes typicus (umbrella crab),Motile_epifauna
6183081201,69317,Rhinolithodes wosnessenskii (rhinoceros crab),Motile_epifauna
6183100000,69550,Galatheidae (pelagic slip crabs),Motile_epifauna
6183100099,NA,Galatheoidea (superfamily),Motile_epifauna
6183100101,69556,Munida quadrispina (pinch bug),Motile_epifauna
6183100200,69552,Munidopsis sp. (squat lobster),Motile_epifauna
6183120000,NA,Porcellanidae (crab),Motile_epifauna
6184000000,NA,Decapoda brachyura (crab),Motile_epifauna
6187000000,NA,Oxyrhyncha,Motile_epifauna
6187000001,NA,Decapoda Reptantia legs (for unident. crabs),Motile_epifauna
6187010000,68500,Majidae (spider crab),Motile_epifauna
6187010001,NA,"Majidae legs (for C. opilio, C. bairdi, etc)",Motile_epifauna
6187010100,68501,Oregonia sp. (decorator crab),Motile_epifauna
6187010101,68510,Oregonia gracilis (decorator crab),Motile_epifauna
6187010102,68502,Oregonia bifurca (decorator crab),Motile_epifauna
6187010200,69520,Hyas sp. (lyre crab),Motile_epifauna
6187010201,68578,Hyas lyratus (lyre crab),Motile_epifauna
6187010202,68577,Hyas coarctatus (lyre crab),Motile_epifauna
6187010211,NA,Hyas coarctatus alutaceus (lyre crab),Motile_epifauna
6187010300,68541,Chionoecetes sp. (snow and Tanner crab),Motile_epifauna
6187010301,68580,Chionoecetes opilio (snow crab),Motile_epifauna
6187010302,68560,Chionoecetes bairdi (Tanner crab),Tanner_crab
6187010303,68570,Chionoecetes angulatus (triangle Tanner crab),Motile_epifauna
6187010304,68550,Chionoecetes tanneri (grooved Tanner crab),Motile_epifauna
6187010305,68590,Chionoecetes Hybrid (Tanner hybrid),Motile_epifauna
6187010502,NA,Pugettia richii (kelp crab),Motile_epifauna
6187010503,69531,Pugettia gracilis (kelp crab),Motile_epifauna
6187010801,68520,Chorilia longipes (decorator crab),Motile_epifauna
6188000000,NA,Cancridea (crab),Motile_epifauna
6188020000,NA,Atelecyclidae (crab),Motile_epifauna
6188020001,NA,Atelecyclaidae legs (for Korean horsehair and hair crabs),Motile_epifauna
6188020101,NA,Telmessus cheiragonus (hair crab),Motile_epifauna
6188020201,69400,Erimacrus isenbeckii (Korean horse-hair crab),Motile_epifauna
6188030000,NA,Cancridae (crab),Motile_epifauna
6188030100,68010,Cancer sp. (crab),Motile_epifauna
6188030103,68011,Cancer branneri (furrowed rock crab),Motile_epifauna
6188030104,68020,Cancer magister (dungeness crab),Motile_epifauna
6188030105,68060,Cancer gracilis (graceful Cancer crab),Motile_epifauna
6188030106,68040,Cancer oregonensis (pygmy Cancer crab),Motile_epifauna
6189020000,NA,Xanthida (mud crab),Motile_epifauna
6189060000,NA,Pinnotheridae (pea crab),Motile_epifauna
6189060400,NA,Pinnixa sp. (pea crab),Motile_epifauna
6200000000,NA,Insecta (insect),Infauna
6505080000,NA,Chironomidae (midge),Infauna
7200000000,NA,Sipuncula (marine worm),Infauna
7200020102,94001,Golfingia margaritacea (sipunculid),Infauna
7200040100,NA,Phascolosoma sp. (marine worm),Infauna
7300000000,94500,Echiura (marine worm),Infauna
7301000000,NA,Echiuroidea (marine worm),Infauna
7301020000,NA,Echiuridae (marine worm),Infauna
7301020100,NA,Arhynchite sp.,Infauna
7301020200,NA,Echiurus sp. (marine worm),Infauna
7301020201,NA,Echiurus echiurus (marine worm),Infauna
7400000000,93100,Priapulida (worm),Infauna
7400010101,93102,Priapulidae Priapulus caudatus,Infauna
7800000000,NA,Ectoprocta (bryozoan),Infauna
7814000000,NA,Cheilostomata (bryozoan),Infauna
8000000000,97000,Brachiopoda (brachiopod),Infauna
8100000000,NA,"Echinodermata (sea star, cucumber, urchin)",Motile_epifauna
8104000000,80000,Asteroidea (starfish),Motile_epifauna
8107020101,81780,Ctenodiscus crispatus (mud sea star),Motile_epifauna
8117030000,80159,Asteriidae (starfish),Motile_epifauna
8117030201,81742,purple-orange star Asterias amurensis,Motile_epifauna
8120000000,NA,Ophiuroidea (basket  brittle star),Motile_epifauna
8125000000,NA,Euryalina (basket star),Motile_epifauna
8125030202,83020,Gorgoncephalus eucnemis,Motile_epifauna
8126000000,NA,Ophiurida (brittle star),Motile_epifauna
8126000001,NA,Brittle star legs (Kevin's code) ,Motile_epifauna
8127000000,NA,Chilophiurina (brittle star),Motile_epifauna
8127010000,83010,Ophiuridae (brittle star),Motile_epifauna
8127010102,NA,Amphiophiura megapoma (brittle star),Motile_epifauna
8127010600,83310,Ophiura sp. (brittle star),Motile_epifauna
8127010606,NA,Ophiura leptoctenia (brittle star),Motile_epifauna
8127010608,83313,Ophiura maculata (brittle star),Motile_epifauna
8127010610,83320,Ophiura sarsi (brittle star),Motile_epifauna
8127010800,NA,brittle star Stegophiura sp.,Motile_epifauna
8127010801,NA,brittle star Amphiophiura nodosa,Motile_epifauna
8127030000,NA,Ophiocomidae (brittle star),Motile_epifauna
8128010111,NA,Ophiopthalmus normani (brittle star),Motile_epifauna
8129020100,83360,Ophiactidae (Daisy Brittle Stars) Ophiopholis sp.,Motile_epifauna
8129020101,83400,Ophiopholis aculeata (ubiquitous brittle star),Motile_epifauna
8129030000,83660,Amphiuridae (brittle star),Motile_epifauna
8129030101,NA,Amphiodia euryaspis (brittle star),Motile_epifauna
8129030200,NA,Amphipholis sp. (brittle star),Motile_epifauna
8129030201,NA,Amphipholis pugetana (brittle star),Motile_epifauna
8129030202,NA,Amphipholis squamata (brittle star),Motile_epifauna
8135000000,NA,Echinozoa,Motile_epifauna
8136000000,NA,Echinoidea (sea urchin and sand dollar),Motile_epifauna
8144000000,82500,Echinacea  (sea urchin),Motile_epifauna
8149030200,NA,Strongylocentrotus sp. (sea urchin),Motile_epifauna
8152000000,NA,Clypeasteroida (sand dollar),Motile_epifauna
8153000000,NA,Clypeasterina (sand dollar),Motile_epifauna
8153010000,NA,Clypeasteridae (sand dollar),Motile_epifauna
8153060000,NA,Sand dollar,Motile_epifauna
8155020101,82740,Echinarachnius parma (Sand dollar),Motile_epifauna
8162040100,NA,mud urchin Brisaster sp.,Motile_epifauna
8170000000,85000,Holothuroidea (sea cucumber),Motile_epifauna
8172030200,85210,Psolus sp. (sea cucmber),Motile_epifauna
8172060000,NA,Cucumariidae (sea cucumber),Motile_epifauna
8172060115,85201,Cucumaria fallax Cucumaria fallax,Motile_epifauna
8172060300,85170,Pentamera sp.,Motile_epifauna
8172060303,85169,Pentamera lissoplaca (sea cucumber),Motile_epifauna
8175030000,NA,Sea Cucmber Synallactidae,Motile_epifauna
8175030399,NA,Challenger cucumber Synallactes challengeri,Motile_epifauna
8175030400,85180,Bathyplotes sp.(Northern papillated cucumber),Motile_epifauna
8185000000,NA,Crinozoa,Motile_epifauna
8186000000,NA,crinoidea Crinoidea,Motile_epifauna
8200000000,NA,Hemichordata (acorn worm),Motile_epifauna
8201000000,NA,Enteropneusta (acorn worm),Motile_epifauna
8300000000,93156,Chaetognatha (arrow worm),Gelatinous_carnivores
8300000300,NA,Sagitta sp. (arrow worm),Gelatinous_carnivores
8400000000,NA,Urochordata (tunicate),Sessile_epifauna
8401000000,98000,Ascidiacea (sea squirt),Sessile_epifauna
8403010301,98212,Globular ascidian Distaplia occidentalis,Sessile_epifauna
8404050100,NA,Ascidia sp. (tunicate),Sessile_epifauna
8406010500,NA,Styela sp. (Sea potatos),Sessile_epifauna
8406010503,NA,Styela rustica (sea potato),Sessile_epifauna
8406020200,98100,Boltenia sp. (sea onion),Sessile_epifauna
8406020202,98102,Boltenia echinata (sea onion),Sessile_epifauna
8407000000,NA,Thaliacea (pelagic salp),Gelatinous_omnivores
8408010100,98083,Pyrosoma sp. (colonial pelagic salp),Gelatinous_omnivores
8411010300,NA,Salpa sp. (pelagic salp),Gelatinous_omnivores
8413000000,NA,Copelata (larvacea),Gelatinous_omnivores
8413010000,NA,Oikopleuridae,Gelatinous_omnivores
8413010100,NA,Oikopleura sp.,Gelatinous_omnivores
8413020000,NA,Fritillariidae,Gelatinous_omnivores
8599999999,NA,Misc. fish,Shelf_demersals
8603010000,NA,Petromyzontidae (Lampreys) ,Shelf_demersals
8603010200,NA,Lampetra sp. (lamprey),Shelf_demersals
8603010201,NA,Arcitc Lamprey Lethenteron camtschaticum,Shelf_demersals
8603010202,NA,Lampetra ayresi (river lamprey),Shelf_demersals
8603010211,21,Lampetra tridentata (Pacific lamprey),Shelf_demersals
8606010100,109,Eptatretus sp.,Shelf_demersals
8606010102,120,Eptatretus stouti (Pacific hagfish),Shelf_demersals
8700000000,NA,Gnathostomata,Shelf_demersals
8701000000,151,Chondrichthyes,Shelf_demersals
8710010101,320,Somniosus pacificus (Pacific sleeper shark),Pacific_sleeper_shark
8710010201,310,Squalus acanthias (spiny dogfish),Pacific_dogfish
8713040000,400,Rajidae (skate),Other_skates
8713040101,410,Bathyraja abyssicola (Deepsea skate),Other_skates
8713040102,472,Bathyraja aleutica (Aleutian skate),Other_skates
8713040103,420,Bathyraja binoculata (big skate),Big_skate
8713040105,435,Bathyraja interrupta (Bering skate),Other_skates
8713040107,471,Bathyraja parmifera (Alaska skate),Other_skates
8713040108,440,Raja Rhina (longnose skate),Longnose_skate
8713040199,477,Bathyraja panthera (leopard skate),Other_skates
8713040800,405,Bathyraja sp. (skate),Other_skates
8713040810,460,Bathyraja trachura (black skate),Other_skates
8713040895,495,Bathyraja violacea (Okhotsk skate),Other_skates
8713040896,475,Bathyraja lindbergi (commander skate),Other_skates
8713040897,485,Bathyraja minispinosa (whitebrow skate),Other_skates
8713040898,455,Bathyraja tarantetzi (mud skate),Other_skates
8713040899,480,Bathyraja maculata (white blotched skate),Other_skates
8716020101,710,Hydrolagus colliei (ratfish),Shelf_demersals
8717000000,NA,Osteichthyes,MISC_NA
8730000000,NA,Holostei (fish),MISC_NA
8735000000,NA,Teleostei (fish),MISC_NA
8735000009,NA,Scavenged fish (not an NODC code- J. Drazen),MISC_NA
8735010000,NA,Non-gadoid fish remains,MISC_NA
8735020000,1,Fish eggs,MISC_NA
8741200102,NA,Avocettina infans (Blackline snipe eel),Miscellaneous_deep-sea_fish
8741210000,22701,Nemichthyidae (snipe eel),Miscellaneous_deep-sea_fish
8741210102,22704,Avocettina infans (Blackline snipe eel),Miscellaneous_deep-sea_fish
8747000000,NA,Clupeoidei,Shelf_forage_fish
8747010000,NA,Clupeidae,Shelf_forage_fish
8747010101,21120,Alosa sapidissima (American shad),Shelf_forage_fish
8747010201,21110,Clupea pallasi (Pacific herring),Pacific_herring
8747010301,21130,Sardinops sagax (Pacific sardine),Shelf_forage_fish
8747020101,20610,Engraulis mordax (northern anchovy),Shelf_forage_fish
8754000000,NA,Salmoniformes,MISC_NA
8755010000,NA,"Salmonidae (salmon, whitefish)",MISC_NA
8755010100,NA,Coregonus (salmonidae),MISC_NA
8755010200,23202,Oncorhynchus sp. (salmon),MISC_NA
8755010201,23230,Oncorhynchus gorbuscha (pink salmon),Pink_salmon
8755010202,23235,Oncorhynchus keta (chum salmon),Chum_salmon
8755010203,23225,Oncorhynchus kisutch (coho salmon),Coho_salmon
8755010205,23240,Oncorhynchus nerka (sockeye salmon),Sockeye_salmon
8755010206,23220,Oncorhynchus tshawytscha (chinook salmon),Chinook_salmon
8755010302,23260,Oncorhynchus mykiss (steelhead),MISC_NA
8755010401,23252,Salvelinus malma Dolly Varden,MISC_NA
8755030000,23000,Osmeridae (smelts),Shelf_forage_fish
8755030101,23020,Hypomesus pretiosus (surf smelt),Shelf_forage_fish
8755030201,23041,Mallotus villosus (capelin),Pacific_capelin
8755030302,23055,Osmerus mordax (rainbow smelt),Shelf_forage_fish
8755030402,23061,Spirinchus thaleichthys (Longfin smelt),Shelf_forage_fish
8755030501,23010,Thaleichthys pacificus (eulachon),Shelf_forage_fish
8755030601,23030,Allosmerus elongatus (whitebait smelt),Shelf_forage_fish
8756010000,20571,Argentinidae (argentines),Shelf_forage_fish
8756010101,20572,Nansenia candida (bluethroat argentine),Shelf_forage_fish
8756010206,20573,Argentina sialis (Pacific argentine),Shelf_forage_fish
8756020000,20614,Bathylagidae (deepsea smelts),Slope_forage_fish
8756020100,20660,Bathylagus sp.,Slope_forage_fish
8756020103,20620,Pseudobathylagus milleri (stout blacksmelt),Slope_forage_fish
8756020104,20624,Bathylagus ochotensis (eared blacksmelt),Slope_forage_fish
8756020105,20615,Bathylagus pacificus (slender blacksmelt),Slope_forage_fish
8756020300,NA,Leuroglossus sp. (smooth tongues),Slope_forage_fish
8756020301,20662,Leuroglossus stilbius (California smoothtongue),Slope_forage_fish
8756020302,20622,Leuroglossus schmidti (northern smoothtongue),Slope_forage_fish
8756030101,23963,Macropinna microstoma (Barreleye),Miscellaneous_deep-sea_fish
8759000000,NA,Stomioidei (stomiatoids),Slope_forage_fish
8759010000,21800,Gonostomatidae (bristlemouth or anglemouth),Slope_forage_fish
8759010100,21810,Cyclothone sp. (light fish),Slope_forage_fish
8759010101,21811,Cyclothone atraria (black bristlemouth),Slope_forage_fish
8759010106,NA,Cyclothone microdon (veiled angelmouth),Slope_forage_fish
8759010404,NA,Sigmops gracilis,Slope_forage_fish
8759020103,21824,Argyropelecus affinis (Pacific hatchetfish),Miscellaneous_deep-sea_fish
8759040101,NA,Aristostomias scintillans (Shining loosejaw),Miscellaneous_deep-sea_fish
8759040301,22410,Tactostoma macropus (longfin dragonfish),Miscellaneous_deep-sea_fish
8759060000,21000,Chauliodontidae (viperfishes),Miscellaneous_deep-sea_fish
8759060101,21010,Chauliodus macouni (Pacific viperfish),Miscellaneous_deep-sea_fish
8759080100,22110,Idiacanthus sp. (black dragonfish),Miscellaneous_deep-sea_fish
8760010000,20100,Alepocephalidae ,Miscellaneous_deep-sea_fish
8760010101,23710,Sagamichthys abei (shining tubeshoulder),Miscellaneous_deep-sea_fish
8760010300,20110,Alepocephalus sp. (slickhead),Miscellaneous_deep-sea_fish
8760011102,20150,Talismania bifurcata (threadfin slickback),Miscellaneous_deep-sea_fish
8760700000,22951,Paralepididae (barracudina),Miscellaneous_deep-sea_fish
8762070000,22951,Paralepididae (barracudina),Miscellaneous_deep-sea_fish
8762070101,NA,Lestidiops ringens (Slender barracudina),Miscellaneous_deep-sea_fish
8762070399,NA,Lestidiops ringens (baracudina),Miscellaneous_deep-sea_fish
8762090102,23657,Alepisaurus ferox (longnose lancetfish),Miscellaneous_deep-sea_fish
8762100101,22570,Anotopterus pharao (daggertooth),Miscellaneous_deep-sea_fish
8762120101,23603,Benthalbella dentata (northern pearl eye),Miscellaneous_deep-sea_fish
8762130101,23622,Scopelosaurus adleri (Waryfish),Miscellaneous_deep-sea_fish
8762130104,23620,Scopelosaurus harryi (waryfish),Miscellaneous_deep-sea_fish
8762140000,22600,Myctophidae (lanternfish),Slope_forage_fish
8762140200,22609,Myctohpidae (lanternfish) Diaphus sp.,Slope_forage_fish
8762140201,22610,Diaphus theta (California headlightfish),Slope_forage_fish
8762140300,22620,Lampanyctus sp. (lampfish),Slope_forage_fish
8762140301,22625,Lampanyctus jordani (broken line myctophid),Slope_forage_fish
8762140302,22624,Nannobrachium regale (pinpoint lanternfish),Slope_forage_fish
8762140319,22600,Lampanyctus tenuiformes (lantern fish),Slope_forage_fish
8762140500,NA,Stenobrachius sp. (lampfish),Slope_forage_fish
8762140501,22602,Stenobrachius leucopsarus (northern lampfish),Slope_forage_fish
8762140502,22603,Stenobranchius nannochir (garnet myctophid),Slope_forage_fish
8762140601,22656,Symbolophorus californiense (bigfin lanterfish),Slope_forage_fish
8762140701,22651,Tarletonbeania crenularis (blue laternfish),Slope_forage_fish
8762141000,22648,Protomyctophum sp. (lampfish).,Slope_forage_fish
8762141002,22649,Protomyctophum thompsoni (bigeye lanternfish),Slope_forage_fish
8769010000,NA,Gonastomatidae,Slope_forage_fish
8788040000,22900,dreamer Oneirodidae,Miscellaneous_deep-sea_fish
8788040200,NA,Dreamer Oneirodes sp.,Miscellaneous_deep-sea_fish
8788040202,22914,Oneirodes bulbosus (bulbus dreamer),Miscellaneous_deep-sea_fish
8788040204,22915,Oneirodes thompsoni (Alaska dreamer),Miscellaneous_deep-sea_fish
8791010102,21731,Antimora microlepis (Pacific flatnose),Shelf_demersals
8791030000,21705,Gadidae (gadid fish),Shelf_demersals
8791030201,21725,Boreogadus saida (Arctic cod),Shelf_demersals
8791030301,21735,Eleginus gracilis (saffron cod),Shelf_demersals
8791030401,21720,Gadus macrocephalus (Pacific cod),Pacific_cod
8791030601,21710,Microgadus proximus (Pacific tomcod),Shelf_demersals
8791030701,21740,Gadus chalcogrammus (walleye pollock),Walleye_pollock
8791030702,NA,G. chalcogrammus eggs (pollock eggs),MISC_NA
8791040102,22500,Merluccius productus (Pacifc hake),Pacific_hake
8793000000,NA,Zoacoiidei ,Slope_demersals
8793010000,24100,Zoarcidae (eelpout),Slope_demersals
8793010101,24140,Lycodes cortezianus (bigfin eelpout),Slope_demersals
8793010201,24110,Bothrocara brunneum (fat twoline eelpout),Slope_demersals
8793010250,24220,Bothrocara spp. (two-line eelpouts (fat and skinny)),Slope_demersals
8793010299,24112,Bothrocara zestum (skinny twoline eelpout),Slope_demersals
8793010301,24130,Lycenchelys crotalinus (snakehead eelpoout),Slope_demersals
8793010400,24193,Gymnelis sp. (eelpout),Slope_demersals
8793010402,34194,Gymnelus hemifasciatus (halfbarred pout),Slope_demersals
8793010403,24192,Gymnelis viridis (fish doctor),Slope_demersals
8793010404,24193,Gymnelis rotordorsalis (aurora eelpout),Slope_demersals
8793010405,NA,Gymnelis popovi (Aleutian pout),Slope_demersals
8793010500,24150,Lycenchelys sp. (eelpout),Slope_demersals
8793010504,24151,Lycenchelys jordani (shortjaw eelpout),Slope_demersals
8793010507,24153,manypore eelpout Lycenchelys ratmanovi,Slope_demersals
8793010600,24230,Lycodapus sp. (eelpout),Slope_demersals
8793010602,24160,Lycodapus fierasfer (black mouth eelpout),Slope_demersals
8793010690,24234,Lycodapus leptus (slender eelpout),Slope_demersals
8793010699,24231,Lycodapus peocilus (variform eelpout),Slope_demersals
8793010700,24180,Lycodes sp. (eelpout unid),Slope_demersals
8793010703,24191,Lycodes brevipes (shortfin eelpout),Slope_demersals
8793010705,24187,Lycodes concolor (ebony eelpout),Slope_demersals
8793010706,24190,Lycodes diapterus (black eelpout),Slope_demersals
8793010709,24186,Lycodes mucosus (saddled eelpout),Slope_demersals
8793010710,24185,Lycodes palearis (wattled eelpout),Slope_demersals
8793010711,24188,Canadian eelpout Lycodes polaris,Slope_demersals
8793010712,24184,Lycodes raridens (marbled eelpout),Slope_demersals
8793010714,24189,Lycodes turneri (polar eelpout),Slope_demersals
8793010723,24181,Lycodes rossi (threespot eelpout),Slope_demersals
8793010801,24200,Lycodopsis pacifica (blackbelly eelpout),Slope_demersals
8794010000,21200,Macrouridae (rattail),Slope_demersals
8794010100,21210,Coryphaenoides sp. (rattail),Slope_demersals
8794010101,21220,Coryphaenoides acrolepis (Pacific rattail),Slope_demersals
8794010105,21232,Coryphaenoides cinereus (popeye grenadier),Slope_demersals
8794010106,21238,Coryphaenoides filifer (rattail),Slope_demersals
8794010108,21230,Albatrosia pectoralis (giant grenadier),Slope_demersals
8794010807,21201,Nezumia stelgidolepis,Slope_demersals
8794010811,21202,Nezumia liolepis,Slope_demersals
8800000000,NA,Gnathostomata,MISC_NA
8803030000,NA,Scomberesocidae (sauries),Pacific_saury
8803030101,23562,Cololabis saira (Pacific saury),Pacific_saury
8808020000,22300,Melamphaedae (melamphids),Slope_forage_fish
8808020101,22320,Melamphaes lugubris (highsnout bigscale),Slope_forage_fish
8808020201,22311,Crested Bigscale Poromitra crassiceps,Slope_forage_fish
8808020205,NA,Poromitra curilensis (Bigscale),Slope_forage_fish
8818010000,NA,Stickleback Gasterosteidae,Shelf_forage_fish
8818010101,21752,Gasterosteus aculeatus (3-spined stickleback),Shelf_forage_fish
8818010201,21753,Pungitius pungitius (ninespine stickleback),Shelf_forage_fish
8825000000,NA,Scorpaeniformes (rockfish and cottid),MISC_NA
8826000000,NA,Scorpaeniformes Scorpaenoidei (rockfish),MISC_NA
8826010000,30000,Scorpaenidae,MISC_NA
8826010100,30040,Sebastes sp. (rockfish),MISC_NA
8826010101,30051,Sebastes aleutianus (rougheye rockfish),Slope_rockfish
8826010102,30060,Sebastes alutus (Pacific ocean perch),POP
8826010104,30090,Sebastes aurora (aurora rockfish),Slope_rockfish
8826010105,30475,Sebastes babcocki (redbanded rockfish),Slope_rockfish
8826010106,30100,Sebastes brevispinis (silvergray rockfish),Slope_rockfish
8826010107,30576,Sebastes borealis (shortraker rockfish),Slope_rockfish
8826010109,30151,Sebastes ciliatus (dark rockfish),Slope_rockfish
8826010110,30170,Sebastes crameri (darkblotched rockfish),Slope_rockfish
8826010111,30190,Sebastes diploproa (splitnose rockfish),Slope_rockfish
8826010112,30200,Sebastes elongatus (greenstriped rockfish),Slope_rockfish
8826010114,30220,Sebastes entomelas (widow rockfish),Pelagic_shelf_rockfish
8826010115,30240,Sebastes flavidus (yellowtail rockfish),Pelagic_shelf_rockfish
8826010116,NA,Sebastes glaucus (gray rockfish),MISC_NA
8826010117,30260,Sebastes goodei (chilipepper rockfish),Slope_rockfish
8826010118,30270,Sebastes helvomaculatus (rosethorn rockfish),Demersal_shelf_rockfish
8826010119,30290,Sebastes jordani (shortbelly rockfish),Slope_rockfish
8826010120,30320,Sebastes maliger (quillback rockfish),Demersal_shelf_rockfish
8826010121,30330,Sebastes melanops (black rockfish),Black_rockfish
8826010124,30360,Sebastes mystinus (blue rockfish),MISC_NA
8826010127,30400,Sebastes paucispinis (bocaccio),Slope_rockfish
8826010128,30410,Sebastes pinniger (canary rockfish),Demersal_shelf_rockfish
8826010129,30420,Sebastes polyspinis (northern rockfish),Slope_rockfish
8826010130,30430,Sebastes proriger (redstripe rockfish),Slope_rockfish
8826010134,30470,Sebastes ruberrimus (yelloweye rockfish),Demersal_shelf_rockfish
8826010135,30490,Sebastes saxicola (stripetail rockfish),Slope_rockfish
8826010136,30535,Sebastes variegatus (harlequin rockfish),Slope_rockfish
8826010137,30550,pygmy rockfish Sebastes wilsoni,Slope_rockfish
8826010138,30560,Sebastes zacentrus (sharpchin rockfish),Slope_rockfish
8826010143,30130,Sebastes chlorostictus,MISC_NA
8826010190,NA,Dusky/ dark rockfish Sebastes variabilis/ ciliatus,Pelagic_shelf_rockfish
8826010197,30052,Sebastes melanostictus (black spotted rockfish),Slope_rockfish
8826010198,NA,Sebastes variabilis (dusky rockfish),Pelagic_shelf_rockfish
8826010199,NA,Sebastes alutus complex (pop complex),POP
8826010200,30010,Sebastolobus sp. (unidentified thornyhead),Thornyheads
8826010201,30020,Sebastolobus alascanus (shortspine thornyhead),Thornyheads
8826010202,30030,Sebastolobus altivelis (longspine thornyhead),Thornyheads
8826010203,30025,Sebastolobus macrochir (bighand thornyhead),Thornyheads
8827010000,21900,Hexagrammidae (greenling),Shelf_demersals
8827010101,21935,Hexagrammos decagrammus (kelp greenling),Shelf_demersals
8827010102,21934,Hexagrammos lagocephalus (rock greenling),Shelf_demersals
8827010103,21931,Hexagrammos octogrammus (masked greenling),Shelf_demersals
8827010104,21932,Hexagrammos stelleri (white-spotted greenling),Shelf_demersals
8827010201,21910,Ophiodon elongatus (lingcod),Lingcod
8827010501,21921,Pleurogrammus monopterygius (Atka mackerel),Shelf_demersals
8827010502,NA,Pleurogrammus monopterygius (eggs),MISC_NA
8827020101,20510,Anoplopoma fimbria (sablefish),Sablefish
8831000000,NA,Cottoidei (sculpin),Shelf_demersals
8831010000,NA,Icelidae (sculpin),Shelf_demersals
8831010100,21446,Icelus sp. (sculpin),Shelf_demersals
8831010102,21439,Icelus canaliculatus (sculpin),Shelf_demersals
8831010105,21441,Icelus spatula (spatulate sculpin),Shelf_demersals
8831010106,21438,Icelus spiniger (thorny sculpin),Shelf_demersals
8831010107,21443,Icelus uncinalis (uncinate sculpin),Shelf_demersals
8831020000,21300,Cottidae (sculpin),Shelf_demersals
8831020100,NA,Archaulus sp. Cottidae (sculpin),Shelf_demersals
8831020300,21331,Artediellus sp. (sculpin),Shelf_demersals
8831020304,21333,Artediellus pacificus (Pacific hookear sculpin),Shelf_demersals
8831020305,21334,Artediellus scaber hamecon,Shelf_demersals
8831020306,21335,Artediellus uncinatus (Arctic hookear sculpin),Shelf_demersals
8831020399,21337,Bolinia euryptera (broadfin sculpin),Shelf_demersals
8831020400,NA,Artedius sp. (Irish lord),Shelf_demersals
8831020404,NA,Artedius meanyi ((Puget Sound sculpin),Shelf_demersals
8831020601,NA,Blepsias bilobus (crested sculpin),Shelf_demersals
8831020602,21398,Blepsias cirrhosus (silverspotted sculpin),Shelf_demersals
8831020901,21390,Dasycottus setiger (spinyhead sculpin),Shelf_demersals
8831021000,NA,Cottoidei (sculpin) Enophrys sp.,Shelf_demersals
8831021002,20388,Antlered sculpin Enophrys diceraus,Shelf_demersals
8831021003,21387,Enophrys lucasi (Leister sculpin),Shelf_demersals
8831021300,21313,Gymnocanthus (sculpin),Shelf_demersals
8831021302,21316,Gymnocanthus galeatus (sculpin),Shelf_demersals
8831021303,21314,Gymnocanthus pistilliger (threaded sculpin),Shelf_demersals
8831021304,21315,Arctic staghorn sculpin Gymnocanthus tricuspis,Shelf_demersals
8831021400,21342,Hemilepidotus sp. (sculpin),Large_sculpins
8831021402,21346,Hemilepidotus hemilepidotus (red Irish lord),Large_sculpins
8831021403,21347,Hemilepidotus jordani (yellow Irish lord),Large_sculpins
8831021404,21348,Hemilepidotus papilio (butterfly sculpin),Large_sculpins
8831021406,21345,Hemilepidotus zapus (longfin irish lord),Large_sculpins
8831021502,21420,Hemitripterus bolini (bigmouth sculpin),Large_sculpins
8831021600,21307,Icelinus sp.,Shelf_demersals
8831021601,21311,Icelinus borealis (Northern Sculpin),Shelf_demersals
8831021603,21310,Icelinus filamentosus (threadfin sculpin),Shelf_demersals
8831021801,21380,Leptocottus armatus (Pacific staghorn sculpin),Shelf_demersals
8831021900,21339,Cottoidei (sculpin) Malacocottus sp.,Shelf_demersals
8831021901,21340,Malacocottus kincaidi (blackfin sculpin),Shelf_demersals
8831021902,21341,Malacocottus zonurus (darkfin sculpin),Shelf_demersals
8831022001,21376,Megalocottus paltycephalus (belligerent sculpin),Shelf_demersals
8831022200,21375,Myoxocephalus sp. (sculpin),Large_sculpins
8831022201,21371,Myoxocephalus jaok (plain sculpin),Large_sculpins
8831022204,21370,Myoxocephalus polyacanthocephalus (great sculpin),Large_sculpins
8831022205,21377,Myoxocephalus quadricornis (fourhorn sculpin),Large_sculpins
8831022207,NA,Shorthorn sculpin Myoxocephalus scorpius,Large_sculpins
8831022211,21368,Myoxocephalus verrucosus (warty sculpin),Large_sculpins
8831022301,21406,Nautichthys oculofasciatus (sailfin sculpin),Shelf_demersals
8831022302,21405,Nautichthys pribilovius (eyeshade sculpin),Shelf_demersals
8831022501,NA,Thornback sculpin Paricelinus hopliticus,Shelf_demersals
8831022700,21318,Porocottus sp. (fringed sculpin),Shelf_demersals
8831022704,21360,Microcottus sellaris (brightbelly sculpin),Shelf_demersals
8831022900,NA,Radulinus sp. (Cottidae),Shelf_demersals
8831022901,NA,Radulinus asprellus (Slim Sculpin),Shelf_demersals
8831023001,21415,Rhamphocottus richardsoni (grunt sculpin),Shelf_demersals
8831023701,NA,Thyriscus anoplus (sponge sculpin),Shelf_demersals
8831023800,21350,Triglops sp. (sculpin),Shelf_demersals
8831023801,21352,Triglops forficata (scissortail sculpin),Shelf_demersals
8831023803,NA,Triglops macellus (roughspine sculpin),Shelf_demersals
8831023805,21355,Triglops pingeli (ribbed sculpin),Shelf_demersals
8831023806,21354,Triglops scepticus (spectacled sculpin),Shelf_demersals
8831023895,21429,Triglops xenostethus (scalebreasted sculpin),Shelf_demersals
8831026001,21379,Trichocottus brashnikoviki (hairhead sculpin),Shelf_demersals
8831070000,NA,Psychrolutidae (sculpin),Shelf_demersals
8831070101,21934,Psychrolutes paradoxus (tadpole sculpin),Shelf_demersals
8831070102,21395,blob sculpin Psychrolutes phrictus,Shelf_demersals
8831070201,21423,Eurymen gyrinus (smoothcheek sculpin),Shelf_demersals
8831070401,21444,Rastrinus scutiger (roughskin sculpin),Shelf_demersals
8831080000,20000,Agonidae (poacher),Shelf_demersals
8831080101,20015,Agonopsis vulsa (northern spearnose poacher),Shelf_demersals
8831080201,20055,Anoplagonus inermis (smooth alligatorfish),Shelf_demersals
8831080301,20050,Aspidophoroides bartoni (Aleutian alligatorfish),Shelf_demersals
8831080303,20051,Ulcina olrikii (Arctic alligatorfish),Shelf_demersals
8831080400,NA,Asterotheca sp. (poacher),Shelf_demersals
8831080401,20035,Asterotheca alascana (gray starsnout),Shelf_demersals
8831080402,20036,Spinycheek Starsnout Bathyagonus infraspinatus,Shelf_demersals
8831080403,20037,Asterotheca pentacanthus (bigeye poacher),Shelf_demersals
8831080501,20038,Bathyagonus nigripinnis,Shelf_demersals
8831080503,20035,Bathyagonus alascanus (gray starsnout),Shelf_demersals
8831080701,20071,Hypsagonus quadricornis (4-horn poacher),Shelf_demersals
8831080800,20039,Agonidae (poacher) Podothecus sp.,Shelf_demersals
8831080802,20040,Podothecus acipenserinus (sturgeon poacher),Shelf_demersals
8831080804,20041,vetern poacher Podothecus veternus,Shelf_demersals
8831080899,20041,Podothecus veternus (veteran poacher),Shelf_demersals
8831080901,20061,Occella dodecaedron (Bering poacher),Shelf_demersals
8831080903,NA,Occella verrucosa (warty poacher),Shelf_demersals
8831081001,NA,Odontopyxis trispinosa (pygmy poacher),Shelf_demersals
8831081101,20001,Pallasina barbata (tubenose poacher),Shelf_demersals
8831081201,20006,Sarritor frenatus (sawback poacher),Shelf_demersals
8831081202,20005,Sarritor leptorhyncus (longnose poacher),Shelf_demersals
8831081300,20023,Xeneretmus sp. (poacher),Shelf_demersals
8831090000,22169,Cyclopteridae (snailfish),Shelf_demersals
8831090101,22175,Aptocyclus ventricosus (smooth lumpsucker),Shelf_demersals
8831090200,22219,Careproctus sp. (snailfish),Shelf_demersals
8831090207,22235,Alaska Snailfish Careproctus colletti,Shelf_demersals
8831090209,22228,Careproctus cypselurus (blackfinned redsnail),Shelf_demersals
8831090212,22233,Careproctus gilberti (small disc snailfish),Shelf_demersals
8831090215,22220,blacktail snailfish Careproctus melanurus,Shelf_demersals
8831090224,22236,Careproctus rastrinus (salmon snailfish),Shelf_demersals
8831090229,22223,Careproctus simus (snailfish),Shelf_demersals
8831090301,22206,Crystallichtys cyclopilus (Blotched snailfish ),Shelf_demersals
8831090403,22190,Toad Lumpsucker Eumicrotremus phrynoides,Shelf_demersals
8831090500,22183,Eumicrotremus sp. (lumpsuckers),Shelf_demersals
8831090501,22182,Eumicrotremus andriashevi  (pimpled lumpsucker),Shelf_demersals
8831090506,22178,Eumicrotremus orbis (Pacific spiny lumpsucker),Shelf_demersals
8831090701,22176,Lethotremus muticus (docked snailfish),Shelf_demersals
8831090800,22201,Liparis sp. (snailfish),Shelf_demersals
8831090808,22204,Liparis dennyi (marbled snailfish),Shelf_demersals
8831090811,22202,Liparis fucensis (slipskin snailfish),Shelf_demersals
8831090812,22205,Liparis gibbus (snailfish),Shelf_demersals
8831090815,22212,Liparis fabricii (gelatinous snailfish),Shelf_demersals
8831090817,22265,Liparis marmoratus (festive snailfish),Shelf_demersals
8831090829,22238,kelp snailfish Liparis tunicatus,Shelf_demersals
8831090888,22000,Liparidae (snailfish),Shelf_demersals
8831091001,22255,Nectoliparis pelagicus (tadpole snailfish),Shelf_demersals
8831091100,22250,Paraliparis sp. (snailfish),Shelf_demersals
8831091102,22215,Elassodiscus caudatus (humpback snailfish),Shelf_demersals
8831099900,22270,Allocareproctus sp. (snailfish),Shelf_demersals
8835280101,20952,Trachurus symmetricus (jack mackerel),Shelf_forage_fish
8835440201,23402,Genyonemus lineatus,Shelf_demersals
8835600201,21510,Cymatogaster aggregata (shiner perch),Shelf_demersals
8835601101,21522,Zalembius rosaceus (pink surfperch),Shelf_demersals
8840010201,21592,Trichodon trichodon (Pacific sandfish),Shelf_forage_fish
8840030000,20700,Bathymasteridae (ronquils),Shelf_demersals
8840030100,NA,Bathymaster sp. (searcher),Shelf_demersals
8840030103,20720,Bathymaster signatus (searcher),Shelf_demersals
8840030201,20702,Ronquilus jordani (northern ronquil),Shelf_demersals
8840160100,NA,Chiasmodon sp. (swallower),Miscellaneous_deep-sea_fish
8842020000,NA,Anarhichadidae (wolffishes),Shelf_demersals
8842020101,20322,Anarhichas orientalis (Bering wolffish),Shelf_demersals
8842110101,NA,Ptilichthys goodei (quillfish),Shelf_demersals
8842120000,23800,Stichaeidae (prickleback),Shelf_forage_fish
8842120101,21120,Acantholumpenus mackayi (pighead prickleback),Shelf_forage_fish
8842120201,NA,Alectridium aurantiacum (lesser prickleback),Shelf_forage_fish
8842120301,NA,Allolumpenus hypochromus (y-prickleback),Shelf_forage_fish
8842120400,NA,Anoplarchus sp. (cockscomb),Shelf_forage_fish
8842120401,23866,Slender cockscomb Anoplarchus insignis,Shelf_forage_fish
8842120500,23840,warbonnet Chirolophis sp.,Shelf_forage_fish
8842120504,23843,Chirolophis snyderi (bearded warbonnet),Shelf_forage_fish
8842120601,23861,Bryozoichthys lysimus (nutcracker prickleback),Shelf_forage_fish
8842120801,23836,Lumpenella longirostris (longsnout prickleback),Shelf_forage_fish
8842120900,23801,Lumpenus sp. (prickleback),Shelf_forage_fish
8842120901,23807,Lumpenus fabricii (slender eelblenny),Shelf_forage_fish
8842120902,23808,Lumpenus sagitta (snake prickleback),Shelf_forage_fish
8842120903,23805,Lumpenus maculatus (daubed shanny),Shelf_forage_fish
8842120904,23806,Lumpenus medius (stout eelblenny),Shelf_forage_fish
8842121200,NA,Poroclinus sp. (prickleback),Shelf_forage_fish
8842121201,23850,Poroclinus rothrocki (whitebarred pricklback),Shelf_forage_fish
8842121301,23804,Arctic shanny Stichaeus punctatus,Shelf_forage_fish
8842121600,NA,Cryptacanthodidae (wrymouth),Shelf_forage_fish
8842121601,23791,Cryptacanthodes aleutensis (dwarf wrymouth),Shelf_forage_fish
8842121701,23803,Eumesogrammus praecisus (fourline snakeblenny),Shelf_forage_fish
8842122301,23806,Anisarchus medius (stout eelblenny),Shelf_forage_fish
8842130000,23871,Pholidae (gunnel family),Shelf_forage_fish
8842130200,23872,Pholis sp. (gunnel),Shelf_forage_fish
8842130201,NA,Pholis clemensi (longfin gunnel),Shelf_forage_fish
8842130203,NA,Banded Gunnel Pholis fasciata,Shelf_forage_fish
8842130205,23873,Pholis laeta (Crested gunnel ),Shelf_forage_fish
8842130206,NA,Pholis ornata (saddleback gunnel),Shelf_forage_fish
8842150101,24001,Zaprora silenus (prowfish),Shelf_demersals
8843010101,22010,Icosteus aenigmaticus (ragfish),Miscellaneous_deep-sea_fish
8845010100,20202,Ammodytes sp. (sandlance),Pacific_sandlance
8845010101,20202,Ammodytes hexapterus (Pacific sandlance),Pacific_sandlance
8845010111,20203,sandlance Ammodytes personatus,Pacific_sandlance
8850030301,23524,Scomber japonicus (Pacific mackerel),Shelf_forage_fish
8851010101,23915,Icichthys lockingtoni (medusafish),Shelf_demersals
8851030101,23911,Peprilus simillimus (Pacific pampano),Shelf_forage_fish
8857000000,NA,Pleuronectoidei (flatfish),Shallow-water_flatfish
8857030000,10003,Bothidae (left-eye flounders),Shallow-water_flatfish
8857030100,10008,Citharichthys,Shallow-water_flatfish
8857030101,10010,Citharichthys sordidus (Pacific sanddab),Shallow-water_flatfish
8857030309,10050,Paralichthys californicus (California halibut),Shallow-water_flatfish
8857040000,10100,Pleuronectidae (flatfish),Shallow-water_flatfish
8857040100,10111,Atheresthes sp.,Arrowtooth_flounder
8857040101,10112,Atheresthes evermanni (Kamchatka flounder),Arrowtooth_flounder
8857040102,10110,Atheresthes stomias (arrowtooth flounder),Arrowtooth_flounder
8857040301,10190,Embassichthys bathybius (deepsea sole),Deep-water_flatfish
8857040401,10160,Petrale Sole Eopsetta jordani,Shallow-water_flatfish
8857040501,10200,Errex zachirus (rex sole),Rex_sole
8857040600,10129,Hippoglossoides sp.,Flathead_sole
8857040601,10130,Hippoglossoides elassodon (flathead sole),Flathead_sole
8857040602,10140,Hippoglossoides robustus (Bering flounder),Flathead_sole
8857040701,10270,Isopsetta isolepis (butter sole),Shallow-water_flatfish
8857040800,10260,Lepidopsetta sp. (rock sole type),Shallow-water_flatfish
8857040801,10262,Lepidopsetta bilineatus (southern rock sole),Shallow-water_flatfish
8857040803,10261,Lepidopsetta polyxystra (northern rock sole),Shallow-water_flatfish
8857040900,NA,Limanda sp.,Shallow-water_flatfish
8857040901,10210,Limanda aspera (yellowfin sole),Shallow-water_flatfish
8857040902,10211,Limanda proboscideus (longhead dab),Shallow-water_flatfish
8857040999,10212,Limanda sakhalinensis (Sakalin sole),Shallow-water_flatfish
8857041001,10155,Arctic Flounder Liopsetta glacialis,Shallow-water_flatfish
8857041101,10150,Eopsetta exilis (slender sole),Shallow-water_flatfish
8857041201,10180,Microstomus pacificus (Dover sole),Deep-water_flatfish
8857041301,10170,Parophrys vetulus (English sole),Shallow-water_flatfish
8857041401,10220,Platichthys stellatus (Starry flounder),Shallow-water_flatfish
8857041501,10285,Pleuronectes quadrituberculatus (Alaska plaice),Shallow-water_flatfish
8857041701,10250,Psettichthys melanostictus (sand sole),Shallow-water_flatfish
8857041801,10115,Reinhardtius hippoglossoides (Greenland turbot),Shallow-water_flatfish
8857041901,10120,Hippoglossus stenolepis (Pacific halibut),Pacific_halibut
8858020116,10400,Symphurus atricauda (California tonguefish),Shallow-water_flatfish
9100000000,NA,Aves (bird part),Benthic_detritus
9109030200,NA,Dark storm petrels Oceanodroma sp.,Benthic_detritus
9112000000,NA,Anseriformes,Benthic_detritus
9129010301,NA,Common murre Uria aalge,Benthic_detritus
9129011101,NA,Aethia cristatella (crested auklet),Benthic_detritus
9129011401,NA,Lunda cirrhata (tufted puffin),Benthic_detritus
9200000000,NA,Mammalia,Benthic_detritus
9227020000,NA,Bovidae (cow parts),Benthic_detritus
9999990000,NA,Unidentified organic material,Benthic_detritus
9999990001,NA,Marine snow,Pelagic_detritus
9999990099,NA,Unidentified Jello,Benthic_detritus
9999999990,NA,Sand,MISC_NA
9999999991,NA,Unidentified eggs,MISC_NA
9999999992,NA,Unidentified worm-like organism,Infauna
9999999993,NA,Fishery offal,Offal
9999999994,NA,Unidentified tube,MISC_NA
9999999995,NA,Overboard material (non-fishery),MISC_NA
9999999996,NA,Wood,MISC_NA
9999999997,NA,Unidentified algae,Macroalgae
9999999998,NA,Rocks,MISC_NA
9999999999,NA,Unidentified material,MISC_NA
